JAMB_Score,Study_Hours_Per_Week,Attendance_Rate,Teacher_Quality,Distance_To_School,School_Type,School_Location,Extra_Tutorials,Access_To_Learning_Materials,Parent_Involvement,IT_Knowledge,Student_ID,Age,Gender,Socioeconomic_Status,Parent_Education_Level,Assignments_Completed
192,22,78,4,12.4,Public,Urban,Yes,Yes,High,Medium,1,17,Male,Low,Tertiary,2
207,14,88,4,2.7,Public,Rural,No,Yes,High,High,2,15,Male,High,None,1
182,29,87,2,9.6,Public,Rural,Yes,Yes,High,Medium,3,20,Female,High,Tertiary,2
210,29,99,2,2.6,Public,Urban,No,Yes,Medium,High,4,22,Female,Medium,Tertiary,1
199,12,98,3,8.8,Public,Urban,No,Yes,Medium,Medium,5,22,Female,Medium,Tertiary,1
202,25,85,2,13.6,Public,Urban,Yes,No,Medium,Low,6,15,Male,Low,Tertiary,1
251,35,85,4,2.6,Public,Urban,No,Yes,Low,Medium,7,16,Female,Medium,Primary,4
129,27,75,3,9.4,Public,Urban,No,Yes,Low,Medium,8,19,Female,Low,Tertiary,3
220,23,85,3,4.6,Public,Rural,No,No,Low,Medium,9,19,Female,Medium,Tertiary,1
157,15,79,3,15.6,Public,Rural,No,Yes,Low,Low,10,20,Female,Medium,None,1
188,32,90,2,4.5,Private,Rural,No,No,Low,Medium,11,22,Male,Medium,Secondary,3
158,7,87,3,4.7,Public,Rural,Yes,Yes,High,Medium,12,20,Male,Medium,Secondary,1
191,25,91,2,8.3,Public,Urban,No,Yes,High,Low,13,19,Female,Medium,Secondary,2
114,2,92,1,14.8,Public,Rural,Yes,No,Low,High,14,19,Male,Low,Secondary,1
146,27,100,3,10.5,Public,Rural,Yes,No,Low,Medium,15,18,Male,Low,Secondary,2
154,16,84,4,7.1,Public,Rural,No,Yes,Low,Medium,16,15,Male,Medium,Primary,1
102,25,90,3,9.6,Private,Rural,Yes,Yes,Low,Low,17,15,Male,High,Secondary,2
106,18,77,2,7.6,Public,Urban,No,Yes,Medium,Medium,18,22,Female,Low,Primary,1
238,14,100,3,4.1,Public,Rural,No,Yes,High,High,19,20,Female,High,Secondary,1
274,40,100,3,12.2,Private,Rural,No,No,Low,Low,20,21,Female,Medium,Secondary,4
108,28,90,1,16.6,Public,Urban,No,Yes,Low,Low,21,20,Female,Low,None,2
251,34,90,2,9.3,Public,Urban,Yes,No,High,Medium,22,21,Male,Low,Primary,5
159,11,77,2,11.8,Public,Urban,No,Yes,Low,Low,23,20,Male,Medium,Primary,1
207,20,73,3,5.6,Public,Urban,Yes,No,Medium,Medium,24,22,Male,Low,None,1
263,28,89,3,14.5,Private,Urban,Yes,Yes,Medium,Medium,25,18,Male,Medium,Tertiary,3
149,11,97,3,5.0,Public,Rural,No,Yes,Low,Medium,26,22,Female,Low,None,1
101,29,77,2,3.9,Private,Rural,Yes,No,Medium,Medium,27,21,Female,Medium,Tertiary,3
153,19,90,3,10.2,Public,Urban,Yes,Yes,Medium,Low,28,16,Female,Low,Primary,2
153,0,91,2,9.9,Private,Rural,Yes,Yes,Medium,High,29,22,Female,Low,Primary,1
267,30,87,5,12.9,Public,Rural,Yes,No,Medium,Low,30,17,Male,High,Tertiary,2
133,13,94,2,13.2,Private,Rural,No,Yes,Medium,Medium,31,22,Female,Low,Primary,1
199,21,58,5,11.8,Public,Rural,No,Yes,Low,Low,32,19,Female,High,Tertiary,3
147,14,71,3,2.9,Public,Urban,Yes,Yes,Low,High,33,19,Female,Medium,Tertiary,2
177,27,76,2,10.3,Public,Rural,No,No,High,High,34,18,Male,Medium,Primary,1
239,35,81,2,16.0,Public,Rural,Yes,No,High,Medium,35,21,Female,Medium,Tertiary,2
181,23,88,1,8.6,Public,Urban,Yes,Yes,High,Low,36,19,Female,Low,Secondary,3
123,12,84,1,6.3,Public,Urban,No,No,Medium,Medium,37,22,Female,Low,Secondary,2
159,18,87,2,10.3,Public,Urban,No,No,Low,Low,38,18,Female,Low,None,1
140,17,88,3,2.8,Public,Rural,Yes,No,High,Medium,39,17,Female,Medium,Primary,1
144,10,73,2,6.3,Public,Urban,No,No,Medium,High,40,21,Female,High,Tertiary,1
206,27,75,3,15.0,Private,Urban,No,No,Low,Medium,41,15,Female,High,Tertiary,3
100,18,83,3,13.6,Public,Rural,No,Yes,Low,High,42,22,Male,Medium,Primary,1
223,38,81,3,8.3,Public,Rural,No,Yes,Low,Low,43,19,Female,Low,Secondary,2
266,39,75,5,17.5,Public,Urban,No,Yes,Low,High,44,16,Male,Low,None,3
134,10,91,1,8.7,Public,Rural,No,Yes,Low,Low,45,18,Female,High,Tertiary,1
104,21,93,2,19.7,Private,Rural,No,Yes,Low,Low,46,21,Female,Medium,Tertiary,2
140,8,97,2,5.1,Public,Rural,Yes,Yes,Low,High,47,20,Female,Low,None,1
172,26,86,3,5.4,Public,Rural,No,Yes,Low,Medium,48,17,Male,Medium,None,4
133,11,88,1,7.8,Public,Rural,No,Yes,Low,Medium,49,21,Female,Low,Primary,1
222,14,100,1,12.9,Public,Rural,Yes,No,Low,High,50,16,Male,Low,Primary,1
136,19,76,2,9.5,Public,Rural,Yes,No,Low,Medium,51,15,Female,Medium,Secondary,1
185,0,96,4,12.5,Public,Rural,No,No,Low,Low,52,16,Female,High,Tertiary,1
164,3,86,3,15.4,Public,Rural,Yes,No,Medium,Medium,53,18,Female,High,Tertiary,1
146,16,91,1,12.0,Public,Urban,No,Yes,Medium,Low,54,19,Female,Low,Primary,1
100,14,81,1,7.2,Public,Urban,No,No,Low,Low,55,15,Male,Medium,Primary,3
113,11,93,4,10.4,Public,Rural,Yes,No,Low,Medium,56,22,Female,Medium,Primary,2
108,0,82,1,3.3,Public,Urban,No,Yes,High,High,57,18,Female,High,Tertiary,1
189,13,71,2,5.9,Private,Urban,Yes,Yes,Medium,High,58,17,Female,High,Tertiary,1
262,30,100,4,5.7,Private,Urban,Yes,Yes,High,Medium,59,16,Male,High,Primary,3
231,30,79,4,17.6,Private,Rural,No,No,Medium,High,60,22,Female,Medium,Primary,4
151,18,95,4,11.7,Private,Urban,No,Yes,Low,High,61,16,Male,High,Tertiary,1
103,24,79,1,16.2,Public,Urban,No,No,Medium,Low,62,15,Male,Low,Primary,1
122,19,92,1,11.5,Public,Rural,No,Yes,Medium,Low,63,22,Male,Low,Primary,1
114,8,91,2,14.2,Public,Urban,Yes,Yes,Low,Low,64,15,Female,Medium,Primary,1
135,14,86,3,12.3,Public,Urban,No,Yes,Medium,Low,65,17,Female,Medium,Primary,2
170,7,89,3,4.6,Private,Rural,No,Yes,High,Low,66,17,Male,Low,None,1
185,20,89,4,7.4,Public,Urban,Yes,No,Medium,Medium,67,22,Female,High,Tertiary,2
141,27,63,1,5.2,Public,Rural,No,Yes,Low,Medium,68,22,Female,High,Tertiary,2
156,24,84,3,18.4,Public,Rural,No,Yes,Low,Medium,69,22,Female,Medium,Primary,1
227,37,77,2,9.1,Public,Rural,No,Yes,Low,High,70,15,Male,Low,None,4
143,14,84,3,5.4,Public,Urban,Yes,Yes,Low,Medium,71,22,Female,Medium,Secondary,1
161,31,73,2,2.4,Public,Urban,No,Yes,Low,Low,72,21,Male,Low,Primary,4
191,19,74,2,17.7,Private,Urban,Yes,Yes,Low,Medium,73,18,Female,Medium,Tertiary,2
161,32,99,2,11.9,Public,Urban,No,No,High,High,74,18,Female,Medium,Tertiary,2
226,24,98,1,4.1,Public,Rural,Yes,Yes,Medium,Low,75,15,Female,Medium,Tertiary,4
176,26,84,3,10.9,Public,Rural,No,Yes,Medium,Low,76,16,Female,Medium,Secondary,4
169,33,86,2,14.7,Public,Urban,No,Yes,Low,Medium,77,21,Male,Medium,Secondary,1
108,12,78,3,18.6,Public,Urban,No,Yes,Low,Low,78,20,Male,Low,Secondary,1
196,23,91,3,14.6,Public,Urban,Yes,No,High,High,79,19,Female,Low,None,1
243,37,82,5,17.9,Public,Rural,No,Yes,Medium,Medium,80,22,Female,Medium,Secondary,2
231,23,97,3,9.1,Public,Urban,Yes,Yes,Low,High,81,22,Female,Medium,Secondary,3
151,6,80,3,5.7,Public,Rural,No,Yes,High,Medium,82,17,Female,Medium,Secondary,1
157,38,79,4,16.6,Public,Rural,Yes,Yes,Low,Low,83,18,Male,Low,None,3
138,12,82,2,9.1,Private,Urban,Yes,No,Low,Low,84,19,Female,Low,Primary,1
155,19,77,1,5.9,Public,Urban,Yes,Yes,High,Low,85,16,Female,High,Secondary,1
298,40,95,3,8.7,Public,Rural,Yes,Yes,Low,High,86,17,Male,Medium,Secondary,4
191,15,80,1,18.0,Private,Urban,No,Yes,Medium,Medium,87,18,Male,High,Tertiary,3
236,16,93,5,7.3,Public,Urban,Yes,Yes,High,High,88,18,Male,High,Secondary,1
100,16,91,3,11.1,Public,Rural,Yes,No,Low,Low,89,16,Male,Medium,None,2
201,6,79,5,10.5,Public,Urban,Yes,Yes,High,Medium,90,16,Male,Medium,Secondary,1
189,18,84,3,12.6,Private,Rural,No,Yes,Medium,Low,91,18,Female,Low,None,2
131,18,86,3,10.0,Private,Urban,Yes,Yes,High,Low,92,18,Male,Low,None,3
154,15,79,2,7.6,Public,Urban,Yes,Yes,Low,Low,93,19,Female,Medium,Tertiary,1
116,1,85,3,0.0,Public,Rural,Yes,No,High,Medium,94,16,Male,High,Tertiary,1
123,30,86,1,10.0,Public,Urban,Yes,Yes,Medium,Medium,95,20,Male,Medium,Primary,5
197,22,96,1,2.0,Private,Rural,Yes,Yes,Medium,Medium,96,16,Female,Medium,Tertiary,2
110,27,75,1,8.8,Public,Rural,Yes,Yes,Medium,High,97,19,Male,High,Secondary,1
115,12,72,1,11.1,Private,Urban,No,Yes,Low,Medium,98,16,Male,Low,None,1
158,10,80,4,9.4,Public,Rural,No,No,Low,Medium,99,15,Male,Medium,Secondary,1
228,26,78,5,15.7,Public,Rural,No,Yes,Low,High,100,21,Female,Medium,Tertiary,1
158,16,89,1,8.6,Public,Urban,No,Yes,Low,Medium,101,17,Male,Low,Primary,1
225,13,76,4,19.6,Public,Urban,No,No,Medium,High,102,15,Male,High,Tertiary,2
118,28,100,3,15.0,Public,Urban,No,No,Medium,Low,103,21,Female,Low,None,3
170,14,96,1,9.5,Public,Urban,Yes,Yes,Medium,Low,104,20,Female,Low,None,2
232,8,88,2,3.3,Public,Urban,Yes,Yes,Medium,High,105,16,Male,Medium,Secondary,1
138,29,90,2,3.1,Public,Urban,Yes,Yes,Medium,High,106,19,Male,Low,None,1
100,9,64,3,12.0,Public,Rural,Yes,Yes,Low,Low,107,18,Female,Low,None,1
156,13,100,1,9.4,Public,Urban,Yes,No,Medium,Medium,108,16,Male,Low,Secondary,2
222,8,82,3,4.4,Public,Rural,No,Yes,Low,Medium,109,18,Female,Medium,None,1
141,33,81,2,17.1,Public,Urban,Yes,No,Low,High,110,22,Female,Medium,None,4
215,11,69,3,7.5,Public,Urban,No,Yes,Medium,High,111,22,Female,High,Secondary,1
159,19,88,2,14.4,Public,Urban,Yes,Yes,Low,Low,112,17,Female,Medium,Secondary,1
200,30,75,2,10.6,Public,Urban,Yes,Yes,Low,High,113,21,Female,High,Tertiary,4
211,26,88,3,11.9,Public,Urban,No,No,Medium,Medium,114,15,Male,High,Secondary,3
131,15,76,4,8.2,Public,Urban,No,Yes,Medium,Low,115,17,Male,Medium,Tertiary,1
108,0,70,2,7.9,Public,Rural,No,Yes,Medium,Medium,116,22,Male,Medium,Primary,1
218,16,79,2,5.0,Public,Urban,No,No,High,Low,117,18,Female,Low,Primary,1
102,15,82,3,9.0,Private,Rural,No,Yes,Medium,High,118,21,Female,Low,Primary,1
153,11,71,2,9.3,Public,Urban,Yes,Yes,Medium,Low,119,17,Male,High,Secondary,1
123,17,74,1,1.1,Public,Urban,No,Yes,Low,High,120,18,Male,Low,Secondary,1
171,26,90,5,17.8,Private,Urban,Yes,Yes,Medium,High,121,15,Male,Low,Secondary,1
183,29,100,2,1.2,Private,Urban,Yes,No,Low,Low,122,18,Male,Medium,Secondary,1
188,10,90,2,11.3,Public,Rural,Yes,No,Medium,Medium,123,15,Female,High,Secondary,2
192,40,77,3,6.9,Public,Urban,No,No,Low,Medium,124,16,Male,High,Primary,4
245,32,85,5,10.9,Public,Rural,No,Yes,Low,High,125,18,Male,High,Secondary,4
153,18,83,1,13.8,Public,Urban,No,No,Medium,High,126,17,Female,Low,Primary,1
160,28,80,3,7.7,Public,Urban,Yes,Yes,Medium,Medium,127,21,Female,Medium,None,1
232,40,96,5,4.0,Private,Rural,Yes,Yes,Medium,High,128,22,Female,High,Tertiary,3
263,14,92,3,6.6,Public,Urban,Yes,Yes,Medium,Low,129,19,Male,High,Tertiary,2
119,13,89,1,13.4,Public,Urban,No,Yes,Medium,Low,130,17,Female,Medium,Tertiary,1
107,0,77,1,0.0,Private,Urban,No,Yes,Medium,High,131,20,Male,Medium,Primary,1
116,17,93,2,4.5,Public,Urban,Yes,No,Low,Low,132,21,Male,Low,Secondary,1
147,21,81,4,5.5,Public,Rural,Yes,Yes,Medium,High,133,19,Female,High,Tertiary,2
221,23,78,2,11.3,Private,Rural,Yes,No,Low,High,134,22,Female,High,Secondary,2
245,20,100,4,12.4,Private,Urban,Yes,No,Medium,Medium,135,17,Female,Low,Primary,3
150,0,65,1,11.7,Public,Rural,Yes,Yes,Medium,Low,136,22,Female,Low,None,1
126,19,74,1,5.0,Public,Urban,No,Yes,Low,Low,137,18,Male,High,Tertiary,1
120,28,75,2,15.6,Public,Urban,No,No,Medium,Low,138,16,Male,Medium,Secondary,1
127,10,100,4,16.0,Public,Urban,No,No,High,Medium,139,20,Female,Low,Primary,1
196,25,100,3,7.0,Public,Urban,Yes,No,Medium,High,140,18,Male,High,Tertiary,1
247,11,100,3,7.6,Public,Urban,No,Yes,High,Medium,141,15,Female,Medium,Secondary,2
234,29,85,3,13.3,Private,Urban,Yes,Yes,Medium,Medium,142,16,Female,Medium,Secondary,2
116,11,100,3,16.2,Public,Urban,Yes,Yes,High,Low,143,21,Female,Medium,Secondary,1
129,9,85,2,3.1,Private,Rural,Yes,Yes,Low,Low,144,20,Female,Medium,Tertiary,1
105,7,89,3,8.9,Public,Rural,Yes,Yes,Low,High,145,18,Male,Medium,Secondary,1
136,13,84,1,17.4,Public,Urban,No,No,Medium,Low,146,16,Female,Medium,Tertiary,1
145,21,82,4,16.9,Private,Urban,No,Yes,High,Low,147,15,Female,High,Secondary,2
198,10,83,2,11.6,Public,Rural,Yes,No,Low,High,148,20,Female,Low,Primary,1
162,15,82,2,6.4,Private,Rural,Yes,Yes,Low,Medium,149,19,Female,High,Secondary,1
131,16,87,3,7.4,Private,Urban,Yes,Yes,High,Low,150,21,Male,Low,None,1
166,9,87,3,4.3,Private,Urban,No,Yes,Low,High,151,20,Female,High,Secondary,1
224,40,87,3,17.1,Public,Rural,No,Yes,Low,Medium,152,21,Male,Low,Tertiary,3
153,10,97,3,9.1,Public,Rural,Yes,Yes,Medium,Low,153,22,Male,Medium,Secondary,1
145,11,54,1,3.0,Public,Urban,Yes,Yes,Medium,High,154,21,Female,Medium,Primary,1
231,15,93,4,2.6,Public,Rural,No,No,High,Low,155,16,Male,Medium,Secondary,2
122,32,88,3,8.7,Public,Urban,No,Yes,Medium,Medium,156,16,Male,Low,Secondary,3
226,29,98,4,0.0,Private,Urban,Yes,Yes,Medium,High,157,15,Female,Medium,Secondary,4
189,12,85,2,6.7,Public,Rural,Yes,Yes,Low,High,158,20,Male,Low,Tertiary,2
132,26,84,3,5.1,Private,Urban,Yes,Yes,Medium,Low,159,18,Female,Medium,Tertiary,1
247,27,98,3,9.0,Public,Urban,Yes,Yes,Medium,Low,160,19,Male,High,Tertiary,1
141,19,96,3,14.3,Public,Rural,No,Yes,Low,Medium,161,16,Female,Low,None,1
198,18,83,4,14.2,Private,Rural,Yes,No,High,High,162,16,Female,Medium,Secondary,2
223,17,90,3,8.5,Public,Urban,No,No,Low,Medium,163,16,Female,Low,Primary,1
106,17,96,1,11.8,Public,Rural,No,No,Medium,Medium,164,16,Male,Low,Secondary,1
144,12,62,4,19.4,Public,Urban,No,Yes,High,Low,165,22,Female,Low,None,1
207,39,80,3,14.9,Private,Urban,No,Yes,Low,Medium,166,20,Female,Medium,Primary,2
115,3,94,2,12.3,Private,Urban,Yes,Yes,Low,High,167,15,Female,Low,Primary,1
222,37,98,3,5.7,Private,Rural,Yes,No,Medium,Medium,168,16,Female,Medium,None,4
283,28,96,2,8.9,Private,Rural,Yes,Yes,Medium,Low,169,19,Male,High,Secondary,3
222,26,83,4,9.8,Private,Rural,Yes,Yes,High,Medium,170,15,Male,Medium,Tertiary,1
150,25,74,1,15.3,Public,Urban,No,Yes,Low,Low,171,20,Female,Medium,Tertiary,2
162,13,78,2,10.0,Public,Rural,Yes,Yes,High,Medium,172,22,Female,Low,None,1
121,23,96,2,3.8,Public,Rural,Yes,No,High,Low,173,16,Female,Medium,Secondary,4
185,0,79,4,9.1,Public,Urban,Yes,Yes,High,Low,174,20,Female,High,Primary,1
241,19,89,3,17.0,Private,Urban,No,Yes,Low,High,175,19,Female,Medium,Secondary,1
153,9,76,3,16.6,Public,Rural,Yes,No,Low,Medium,176,17,Male,Medium,Secondary,1
196,10,94,3,6.7,Public,Urban,No,Yes,Low,High,177,17,Female,Medium,Secondary,1
159,16,78,2,11.3,Public,Urban,No,No,Medium,Medium,178,22,Male,Low,Primary,2
204,26,85,3,10.0,Public,Urban,Yes,No,Low,Medium,179,19,Male,Low,Secondary,2
105,20,64,2,13.9,Public,Urban,No,Yes,Medium,Low,180,22,Male,High,Secondary,2
229,26,72,1,6.8,Public,Rural,Yes,Yes,Medium,Medium,181,16,Female,Medium,Secondary,1
154,12,83,2,11.7,Public,Rural,Yes,No,Medium,Low,182,16,Male,Medium,Primary,1
215,26,74,3,10.5,Public,Urban,No,Yes,Medium,High,183,22,Male,Medium,Secondary,3
129,17,100,2,14.8,Private,Urban,Yes,Yes,Medium,Low,184,15,Female,Low,None,1
268,36,71,3,4.3,Public,Rural,Yes,Yes,Low,Low,185,16,Female,Medium,Primary,2
154,25,75,2,11.3,Public,Rural,No,No,Low,Low,186,15,Female,Medium,Secondary,2
225,24,88,2,6.3,Public,Urban,Yes,Yes,Medium,Medium,187,16,Female,High,Secondary,3
122,7,78,2,16.7,Public,Urban,No,Yes,Medium,High,188,20,Male,High,None,1
111,8,70,2,1.8,Public,Rural,Yes,Yes,Low,Low,189,18,Female,Low,Secondary,1
157,13,74,2,3.6,Public,Urban,Yes,Yes,High,Medium,190,18,Male,Low,Secondary,2
133,13,72,3,20.0,Public,Urban,No,No,Medium,Low,191,19,Female,Medium,Tertiary,1
247,28,86,3,13.3,Private,Urban,Yes,No,Low,Medium,192,21,Male,Low,Tertiary,2
244,32,100,2,6.8,Public,Urban,Yes,Yes,Medium,Low,193,21,Male,Medium,Primary,1
215,23,88,1,16.3,Public,Urban,No,Yes,Medium,Medium,194,21,Female,Low,None,1
163,19,95,5,10.8,Public,Rural,No,Yes,Low,Medium,195,20,Male,Low,Primary,3
121,16,86,1,8.4,Public,Rural,No,Yes,Medium,Low,196,21,Female,Low,Secondary,1
166,14,94,2,11.0,Public,Urban,No,Yes,High,Medium,197,18,Male,Low,None,2
215,15,60,3,6.8,Private,Urban,No,Yes,Medium,Medium,198,21,Male,Low,Primary,1
221,8,84,3,13.0,Public,Urban,No,Yes,High,Medium,199,17,Male,High,Tertiary,1
263,21,100,4,20.0,Private,Rural,No,No,Medium,Medium,200,17,Female,Low,Primary,2
246,30,83,3,4.2,Public,Rural,No,Yes,Medium,High,201,21,Female,High,Tertiary,4
295,23,100,3,3.7,Private,Urban,Yes,No,Medium,Medium,202,21,Male,High,Tertiary,2
168,17,98,3,0.0,Private,Rural,Yes,No,Low,High,203,15,Male,Low,Primary,1
189,25,81,2,20.0,Public,Rural,Yes,No,Low,High,204,22,Female,High,Tertiary,1
184,25,80,3,6.0,Public,Urban,No,Yes,Medium,Medium,205,17,Female,Medium,Primary,1
132,6,72,3,20.0,Public,Urban,Yes,No,Medium,High,206,16,Female,Low,None,1
122,24,75,2,1.6,Public,Urban,Yes,Yes,Medium,High,207,15,Female,Low,Primary,2
204,32,74,3,7.2,Public,Urban,Yes,Yes,Medium,Low,208,20,Male,Medium,Tertiary,3
151,7,87,3,15.1,Private,Urban,Yes,Yes,Low,High,209,18,Female,High,Secondary,1
118,7,67,3,6.6,Public,Urban,Yes,Yes,Low,Low,210,21,Female,Low,Secondary,1
100,24,85,4,13.6,Public,Urban,No,No,Low,Low,211,18,Male,Low,Secondary,1
103,12,86,1,9.2,Private,Rural,No,Yes,Low,High,212,17,Female,Medium,Secondary,1
179,0,69,3,8.9,Public,Urban,Yes,Yes,High,Low,213,17,Female,Low,Primary,1
191,8,100,3,0.9,Public,Urban,No,Yes,Medium,Medium,214,16,Male,Medium,Primary,2
190,19,90,2,0.5,Private,Urban,Yes,Yes,Low,High,215,18,Male,Medium,Secondary,1
111,4,87,2,13.7,Public,Urban,No,Yes,Medium,Low,216,21,Male,Low,None,1
132,12,74,3,5.0,Public,Rural,Yes,Yes,Medium,Low,217,22,Female,Low,None,1
150,18,89,2,8.4,Private,Urban,Yes,No,Medium,Medium,218,17,Male,Medium,Tertiary,2
111,28,91,3,17.9,Public,Urban,No,No,High,Medium,219,18,Male,Medium,Primary,1
132,13,81,3,14.0,Public,Rural,No,Yes,Medium,Medium,220,18,Male,Medium,Tertiary,1
142,27,100,1,0.0,Public,Rural,No,Yes,High,High,221,17,Female,Medium,Secondary,1
212,36,87,3,7.7,Public,Rural,Yes,No,High,Low,222,18,Male,Medium,Secondary,3
245,38,100,3,4.1,Public,Urban,Yes,Yes,Low,Medium,223,17,Female,High,Tertiary,4
299,33,95,3,9.7,Public,Urban,Yes,Yes,Low,High,224,21,Female,Low,Secondary,2
180,2,90,2,12.7,Public,Urban,No,Yes,Medium,Medium,225,21,Male,Medium,Secondary,1
192,25,70,2,9.7,Public,Urban,No,Yes,High,Low,226,19,Female,Medium,Secondary,3
189,30,89,3,11.2,Public,Urban,No,Yes,High,Low,227,17,Female,Medium,Secondary,3
106,13,73,3,18.4,Public,Urban,No,Yes,Medium,Low,228,18,Female,High,Tertiary,1
249,40,81,2,14.3,Public,Rural,Yes,No,Medium,High,229,19,Male,Medium,Primary,4
128,24,98,3,6.9,Public,Urban,No,No,Medium,High,230,21,Female,Medium,Secondary,3
274,33,89,2,10.9,Public,Urban,Yes,No,High,Low,231,18,Female,High,Secondary,2
135,26,72,1,10.3,Public,Rural,No,Yes,Low,Low,232,18,Female,Low,Primary,1
208,25,83,2,8.4,Public,Rural,No,Yes,Low,Medium,233,22,Female,Low,None,3
198,0,73,4,8.1,Public,Rural,Yes,Yes,Medium,High,234,19,Male,High,Secondary,1
135,12,95,3,4.5,Public,Urban,Yes,Yes,Medium,High,235,20,Female,Low,Tertiary,1
195,32,79,3,15.4,Public,Urban,No,Yes,Medium,Medium,236,16,Female,Medium,Secondary,4
161,11,88,2,7.2,Public,Urban,Yes,No,Low,Low,237,19,Male,Medium,Secondary,1
111,12,93,2,6.8,Public,Rural,No,No,Low,Low,238,21,Male,Low,None,2
112,5,76,2,5.6,Private,Rural,Yes,No,Medium,Low,239,20,Female,Medium,Secondary,1
198,38,91,2,17.0,Public,Urban,Yes,Yes,High,High,240,20,Female,Low,Secondary,3
216,38,77,2,8.2,Public,Rural,Yes,No,High,Low,241,18,Female,Medium,Secondary,4
183,12,100,2,1.1,Public,Urban,No,Yes,Medium,High,242,18,Female,Medium,Secondary,2
185,22,94,1,10.4,Public,Rural,Yes,No,High,Low,243,21,Male,High,Tertiary,1
118,9,79,1,8.1,Public,Rural,Yes,No,Low,Medium,244,16,Male,Medium,Secondary,1
111,20,73,2,6.7,Private,Urban,No,No,High,Medium,245,22,Female,Medium,Primary,1
118,20,80,2,15.8,Public,Urban,Yes,Yes,Medium,Medium,246,19,Male,Low,None,1
206,30,83,2,0.3,Private,Rural,Yes,No,High,High,247,17,Female,Medium,Primary,3
194,24,100,2,7.2,Public,Rural,Yes,Yes,Low,High,248,22,Female,Medium,Primary,2
182,40,73,4,7.2,Public,Rural,No,Yes,High,Low,249,18,Male,Low,None,3
115,5,82,1,19.1,Public,Rural,Yes,Yes,Medium,Low,250,22,Male,High,Tertiary,1
198,6,86,3,5.7,Public,Urban,Yes,Yes,Low,High,251,19,Female,Low,None,1
151,14,82,2,7.6,Public,Urban,No,Yes,Low,Low,252,15,Male,High,Tertiary,1
199,7,85,3,1.4,Public,Urban,No,Yes,Low,Medium,253,18,Female,Medium,Secondary,1
115,1,79,3,12.2,Public,Urban,No,No,Low,High,254,17,Male,High,Secondary,1
152,9,91,1,15.3,Public,Rural,No,Yes,Low,High,255,18,Male,Medium,None,1
138,8,88,2,13.9,Public,Urban,No,Yes,Medium,Medium,256,20,Female,Medium,Primary,1
104,5,84,3,13.3,Public,Urban,No,No,Medium,Low,257,22,Female,Medium,Tertiary,1
192,26,57,4,15.5,Public,Urban,Yes,Yes,High,High,258,19,Male,Medium,Secondary,2
117,10,84,2,4.0,Public,Urban,No,No,Low,High,259,16,Female,Low,None,1
108,12,64,2,3.9,Public,Urban,No,Yes,Low,Medium,260,15,Male,Medium,Secondary,1
116,23,87,4,11.6,Public,Urban,Yes,Yes,Low,Low,261,17,Male,High,Primary,1
206,15,100,4,11.6,Public,Urban,No,Yes,Low,Medium,262,21,Male,High,Tertiary,2
139,14,73,2,19.6,Public,Urban,No,No,High,Medium,263,18,Female,High,Tertiary,2
249,29,87,2,5.6,Public,Urban,No,Yes,Medium,High,264,17,Male,Medium,Tertiary,4
165,1,78,3,1.6,Public,Rural,Yes,Yes,Medium,Low,265,16,Male,Medium,Tertiary,1
236,3,100,2,12.6,Public,Urban,No,No,Low,Medium,266,15,Male,High,Tertiary,2
207,25,87,4,10.2,Public,Rural,No,Yes,High,High,267,22,Female,Low,None,4
164,23,100,3,7.9,Public,Urban,Yes,Yes,High,Medium,268,17,Female,Medium,Tertiary,2
116,33,85,3,1.8,Private,Urban,No,Yes,Medium,Medium,269,19,Female,Medium,Secondary,4
188,22,87,2,8.8,Public,Urban,Yes,Yes,High,Medium,270,19,Female,Low,Secondary,3
135,24,82,2,9.4,Public,Urban,No,Yes,Low,Medium,271,17,Female,Medium,Secondary,3
130,14,89,4,9.5,Private,Urban,Yes,Yes,Low,Low,272,22,Male,Low,None,1
153,21,67,2,17.5,Private,Rural,Yes,No,High,Low,273,15,Female,Medium,None,1
173,35,85,2,17.4,Public,Urban,Yes,Yes,Medium,Medium,274,18,Female,Medium,Secondary,3
138,0,81,2,14.5,Public,Urban,Yes,No,Low,Low,275,19,Female,Medium,Secondary,1
144,21,89,2,5.1,Public,Urban,Yes,No,Low,Medium,276,18,Male,Medium,Tertiary,2
277,40,89,2,10.6,Public,Rural,Yes,Yes,Medium,High,277,18,Female,High,Primary,4
119,18,71,2,13.3,Public,Urban,No,No,Medium,Medium,278,17,Male,High,Tertiary,1
240,40,88,2,12.1,Public,Urban,Yes,Yes,High,High,279,19,Male,Medium,Secondary,3
102,8,70,3,11.5,Public,Rural,No,Yes,Low,Low,280,17,Female,Medium,Secondary,1
161,18,65,2,1.4,Public,Urban,Yes,Yes,Medium,Low,281,16,Female,Low,Primary,3
124,16,88,1,11.3,Public,Rural,No,No,Medium,Low,282,18,Male,High,Secondary,1
137,0,87,1,14.4,Public,Urban,Yes,Yes,Medium,Medium,283,15,Male,Medium,Primary,1
157,8,88,1,10.0,Public,Urban,Yes,No,Medium,Medium,284,21,Male,Low,None,1
281,19,100,4,0.0,Public,Urban,No,No,Medium,Medium,285,20,Female,Medium,Primary,2
146,25,76,2,12.9,Public,Urban,Yes,No,Low,Low,286,18,Male,Low,Primary,2
184,28,71,3,15.9,Private,Rural,No,No,Medium,High,287,15,Female,Medium,Secondary,4
135,19,81,3,13.0,Public,Urban,No,Yes,Low,Medium,288,17,Female,Low,Primary,3
119,22,78,2,9.9,Public,Rural,Yes,Yes,Low,Medium,289,19,Male,Low,Secondary,1
246,24,81,3,5.7,Public,Urban,No,Yes,Medium,High,290,18,Male,Low,Primary,1
113,25,80,3,5.5,Public,Rural,No,Yes,Low,High,291,16,Male,Medium,Secondary,1
100,14,74,2,16.1,Public,Rural,No,Yes,Medium,Low,292,18,Female,Medium,Secondary,5
102,14,62,3,15.6,Public,Urban,Yes,Yes,Low,Medium,293,15,Female,Low,Secondary,1
156,16,79,3,11.8,Public,Urban,Yes,Yes,Medium,Medium,294,22,Female,Medium,Secondary,1
173,26,73,2,6.5,Public,Urban,Yes,No,High,High,295,21,Male,Low,None,2
171,16,86,2,16.5,Public,Rural,Yes,Yes,Low,Low,296,15,Female,Low,Secondary,1
123,24,75,1,13.6,Public,Urban,No,No,Low,Medium,297,15,Male,Low,None,3
107,4,91,3,13.7,Private,Urban,No,Yes,Medium,Medium,298,19,Male,Low,None,1
235,15,100,2,4.5,Public,Rural,Yes,Yes,Low,High,299,16,Female,Medium,Primary,1
157,24,90,2,7.5,Public,Rural,Yes,Yes,Medium,High,300,16,Male,High,Tertiary,1
227,23,73,3,4.8,Private,Urban,Yes,No,Low,Medium,301,15,Female,High,Tertiary,2
240,21,100,3,2.4,Private,Rural,Yes,Yes,Low,Medium,302,16,Female,Medium,Secondary,2
226,32,100,3,11.0,Public,Rural,No,Yes,High,High,303,16,Female,High,None,2
116,9,81,4,16.7,Public,Rural,Yes,No,Low,Medium,304,17,Male,Medium,Primary,1
219,21,100,4,15.5,Public,Rural,Yes,No,Medium,High,305,20,Male,Low,Secondary,3
128,28,76,2,19.9,Public,Rural,No,No,Low,High,306,16,Male,Low,Primary,3
234,39,70,2,11.7,Public,Urban,Yes,Yes,Low,High,307,20,Male,Medium,Secondary,2
181,34,78,2,11.9,Private,Rural,No,Yes,Low,Low,308,15,Female,Low,None,2
168,17,100,3,6.0,Public,Rural,Yes,Yes,Low,Low,309,19,Male,High,Secondary,2
165,30,70,1,10.0,Private,Rural,No,Yes,Medium,Medium,310,20,Male,Low,None,4
229,16,88,5,11.9,Public,Urban,Yes,Yes,High,Medium,311,17,Male,High,Secondary,1
104,6,80,2,11.3,Private,Urban,No,Yes,Medium,Low,312,16,Male,Medium,Primary,1
282,7,86,3,14.1,Public,Urban,No,No,Medium,Medium,313,17,Female,Medium,Primary,1
117,30,77,2,5.4,Public,Urban,Yes,Yes,Medium,Low,314,18,Female,Low,Secondary,2
148,10,83,3,14.3,Public,Urban,No,No,High,High,315,17,Male,Low,Primary,2
125,14,76,1,16.3,Public,Rural,No,Yes,Medium,Medium,316,20,Female,Medium,Tertiary,1
185,12,71,5,5.7,Public,Rural,Yes,Yes,High,Low,317,21,Female,Medium,Primary,1
148,24,85,4,7.3,Public,Rural,No,Yes,Medium,Low,318,17,Male,Low,None,1
197,18,96,4,18.6,Public,Rural,No,No,High,Low,319,17,Female,Low,Primary,1
250,14,97,2,4.8,Public,Rural,No,No,Medium,High,320,22,Male,Low,None,2
255,30,82,3,12.9,Public,Urban,Yes,No,High,High,321,16,Female,Medium,Primary,1
168,6,72,4,12.0,Private,Rural,Yes,Yes,Medium,Medium,322,17,Female,Medium,Secondary,1
102,6,77,3,9.8,Public,Urban,No,Yes,Medium,Medium,323,20,Male,Low,Secondary,1
152,0,98,1,7.2,Public,Urban,Yes,No,Medium,High,324,22,Male,Low,None,1
173,7,90,2,7.7,Public,Urban,No,Yes,High,Low,325,19,Male,Low,Secondary,1
184,22,92,2,10.1,Private,Rural,No,Yes,High,Medium,326,16,Female,Low,Primary,1
100,0,88,1,13.0,Public,Urban,No,Yes,Low,Medium,327,15,Female,Low,Primary,1
176,6,88,4,7.9,Public,Urban,No,Yes,Medium,High,328,18,Female,Low,Secondary,1
200,22,87,1,10.3,Public,Urban,Yes,Yes,Low,Medium,329,22,Female,Low,Primary,3
131,11,88,3,1.2,Public,Urban,No,Yes,Low,Low,330,15,Male,Medium,Tertiary,1
280,40,86,2,5.8,Public,Urban,Yes,No,High,High,331,16,Male,Low,Secondary,3
225,40,74,2,14.2,Public,Rural,Yes,No,Medium,Medium,332,15,Female,High,Tertiary,1
153,10,90,1,12.7,Public,Rural,No,Yes,Low,High,333,18,Female,High,Tertiary,1
149,23,94,2,10.0,Public,Rural,No,Yes,Medium,Low,334,22,Male,Low,Primary,3
153,25,72,4,3.6,Private,Urban,No,Yes,Medium,Low,335,20,Male,Low,Primary,1
193,16,93,3,2.6,Public,Rural,No,No,Low,Low,336,20,Male,Medium,Primary,3
156,5,99,1,12.2,Public,Rural,Yes,No,Low,High,337,17,Male,High,Secondary,1
146,17,83,3,15.1,Public,Urban,Yes,Yes,Medium,Low,338,15,Male,Low,Primary,1
184,19,77,4,15.3,Public,Rural,No,No,Low,Medium,339,20,Male,Medium,Secondary,1
174,16,85,3,8.7,Public,Urban,No,Yes,Low,Medium,340,16,Female,Medium,Primary,1
237,29,83,5,0.0,Public,Urban,No,Yes,Medium,Medium,341,19,Female,High,Secondary,3
197,15,80,3,7.0,Public,Rural,Yes,No,High,Medium,342,18,Male,Low,None,1
197,11,90,3,17.9,Public,Rural,No,Yes,Low,Low,343,15,Male,Medium,Primary,2
178,21,69,2,13.7,Public,Urban,Yes,Yes,High,Low,344,19,Male,Low,Primary,1
162,22,70,3,13.3,Public,Urban,Yes,Yes,Medium,Low,345,18,Male,Low,None,3
137,6,82,2,14.6,Public,Urban,Yes,No,Low,Low,346,15,Male,Low,None,1
178,28,84,3,11.9,Public,Rural,No,No,Medium,Low,347,16,Female,Medium,None,3
150,2,86,2,8.4,Private,Rural,Yes,No,Medium,Medium,348,19,Female,Medium,Tertiary,1
128,11,99,2,7.0,Public,Rural,Yes,Yes,High,Low,349,20,Male,Medium,None,2
216,21,88,2,4.0,Public,Urban,Yes,Yes,High,Low,350,22,Female,Low,Primary,2
183,15,91,1,7.2,Private,Rural,No,Yes,Low,Medium,351,19,Female,Medium,Secondary,1
133,11,72,3,20.0,Private,Rural,Yes,No,Medium,Low,352,21,Female,Low,None,1
165,36,91,1,15.5,Public,Urban,Yes,No,Low,High,353,15,Male,High,Tertiary,1
142,9,77,2,11.1,Public,Urban,No,Yes,Low,Medium,354,15,Female,Low,None,2
246,40,89,3,8.5,Private,Rural,Yes,Yes,Low,High,355,16,Female,Medium,Tertiary,5
215,27,86,3,5.1,Private,Urban,No,Yes,Medium,Low,356,16,Female,Medium,Secondary,2
215,24,97,2,9.3,Public,Urban,Yes,Yes,Low,Low,357,21,Female,Medium,Secondary,1
103,18,67,2,10.5,Public,Urban,Yes,Yes,Low,Medium,358,17,Female,High,Secondary,1
166,40,62,3,8.9,Public,Urban,No,No,High,Low,359,22,Male,Low,Tertiary,5
126,7,79,3,11.8,Public,Urban,No,Yes,Medium,Medium,360,22,Male,Medium,Secondary,1
149,7,87,4,9.8,Private,Urban,No,No,High,Medium,361,15,Female,Medium,Tertiary,2
150,11,84,3,4.5,Private,Urban,No,No,Low,Medium,362,16,Male,Low,None,1
254,27,100,3,9.6,Private,Urban,No,Yes,Medium,High,363,15,Female,High,Tertiary,1
141,1,86,1,10.5,Public,Urban,Yes,No,High,Low,364,16,Female,Medium,Primary,1
220,24,82,3,9.7,Public,Urban,Yes,Yes,Low,Medium,365,18,Female,Low,Primary,3
104,29,58,3,4.1,Public,Urban,No,Yes,Medium,Low,366,16,Female,Medium,None,2
189,22,83,2,15.5,Public,Rural,Yes,No,Low,Medium,367,16,Female,Medium,Tertiary,2
148,15,92,3,1.2,Public,Rural,No,Yes,Medium,Low,368,18,Male,High,Tertiary,1
144,11,79,2,16.3,Private,Urban,No,Yes,Medium,Medium,369,18,Male,Low,None,1
125,24,81,3,13.9,Public,Rural,Yes,No,High,Medium,370,20,Male,High,Secondary,2
185,13,89,3,6.1,Public,Rural,No,Yes,Medium,High,371,17,Female,Medium,Secondary,1
229,40,78,4,4.1,Private,Urban,No,Yes,High,High,372,16,Female,Medium,None,4
247,40,95,3,16.4,Public,Rural,No,Yes,Low,Low,373,18,Female,High,Secondary,3
225,26,100,2,15.0,Public,Urban,Yes,Yes,Medium,Medium,374,17,Male,High,Secondary,2
107,14,78,1,9.3,Private,Urban,Yes,No,Low,Medium,375,17,Male,Low,Secondary,3
151,27,72,3,0.0,Public,Rural,Yes,Yes,Medium,Medium,376,15,Male,Low,Secondary,3
221,33,87,5,3.1,Private,Rural,No,Yes,Medium,Medium,377,18,Female,High,Secondary,1
227,17,67,2,10.7,Public,Rural,Yes,No,High,Medium,378,19,Male,High,Tertiary,3
187,16,88,3,20.0,Private,Rural,No,Yes,Low,Medium,379,18,Female,High,Tertiary,1
125,4,86,2,10.1,Public,Rural,Yes,No,Low,Low,380,21,Male,Low,Primary,1
256,30,100,2,7.2,Public,Urban,No,Yes,High,High,381,21,Female,High,Tertiary,2
122,21,79,2,12.5,Public,Urban,Yes,Yes,Low,Medium,382,18,Male,High,Tertiary,1
117,3,85,1,15.0,Public,Rural,Yes,Yes,Medium,Low,383,17,Female,Medium,Primary,1
198,17,78,4,8.9,Public,Urban,Yes,No,Low,Medium,384,22,Male,High,Secondary,1
163,6,80,1,14.9,Private,Urban,Yes,No,Low,Low,385,20,Female,Low,Primary,1
236,17,74,3,0.0,Private,Rural,Yes,No,Low,Low,386,18,Male,Low,Secondary,1
238,30,86,2,1.5,Private,Rural,No,Yes,Low,High,387,18,Male,Low,Primary,3
185,14,82,2,6.5,Public,Rural,Yes,No,Medium,High,388,20,Female,Low,Tertiary,1
143,14,85,4,9.9,Public,Urban,Yes,Yes,Medium,Medium,389,17,Female,Medium,Primary,1
212,8,81,3,13.0,Public,Urban,Yes,No,High,High,390,17,Female,High,Secondary,1
167,21,85,2,10.2,Private,Rural,No,No,Low,Low,391,21,Female,Low,None,1
117,14,78,2,2.2,Public,Urban,No,No,Low,Low,392,15,Male,Medium,Secondary,1
246,19,86,2,4.8,Public,Urban,Yes,Yes,Medium,Medium,393,15,Female,Medium,Tertiary,2
107,12,81,2,9.7,Public,Urban,No,Yes,Low,Low,394,18,Male,Low,Primary,2
182,22,85,3,5.2,Public,Urban,No,No,High,High,395,22,Male,High,Tertiary,1
105,6,87,4,7.9,Private,Rural,No,No,Medium,Low,396,18,Female,High,Tertiary,1
163,5,82,1,8.1,Public,Rural,Yes,Yes,High,Medium,397,20,Female,Low,None,1
155,34,80,2,5.2,Private,Urban,No,No,Low,Medium,398,16,Male,Medium,Primary,2
169,13,82,2,7.4,Public,Urban,No,Yes,Low,High,399,19,Female,Low,Secondary,2
132,15,75,3,6.1,Private,Urban,Yes,Yes,Low,High,400,16,Male,Medium,Secondary,1
270,37,87,3,8.1,Public,Rural,No,No,Low,Low,401,22,Female,Medium,None,3
247,40,100,4,10.5,Public,Urban,Yes,Yes,High,Medium,402,16,Female,Low,Primary,4
210,11,78,3,12.4,Public,Urban,No,Yes,High,High,403,18,Female,Medium,None,1
229,28,85,2,12.8,Public,Rural,Yes,Yes,Low,Medium,404,17,Male,High,Tertiary,3
208,16,83,4,17.8,Public,Rural,Yes,Yes,Low,Medium,405,17,Female,High,Tertiary,1
230,19,85,4,14.0,Public,Urban,Yes,Yes,Low,Low,406,19,Male,High,Secondary,2
135,10,79,3,15.2,Public,Rural,Yes,No,Medium,Medium,407,22,Male,Low,Tertiary,1
105,4,83,3,13.3,Public,Rural,Yes,No,Low,Low,408,17,Male,Low,Secondary,1
191,21,69,3,1.8,Public,Rural,Yes,Yes,Medium,High,409,18,Female,Medium,Secondary,1
178,7,94,4,10.7,Public,Urban,Yes,Yes,Medium,Low,410,20,Male,Medium,Primary,1
193,30,91,3,8.5,Public,Urban,Yes,No,Medium,Medium,411,17,Female,Medium,None,4
201,22,74,2,8.3,Private,Rural,Yes,Yes,Medium,Low,412,20,Male,Medium,Secondary,3
107,18,59,2,2.6,Public,Urban,No,Yes,Medium,Medium,413,22,Male,Low,None,3
144,13,73,2,13.3,Public,Urban,Yes,Yes,Low,High,414,15,Female,Low,Primary,1
169,16,82,2,11.2,Public,Rural,Yes,No,Low,Low,415,21,Male,High,Secondary,3
167,22,100,4,10.6,Public,Urban,Yes,No,Low,Low,416,19,Male,Low,Secondary,1
196,11,91,3,3.9,Public,Urban,Yes,Yes,Low,Medium,417,21,Male,High,Tertiary,1
111,11,63,2,3.8,Public,Urban,Yes,Yes,Low,Medium,418,17,Male,Low,Secondary,1
225,16,81,3,7.0,Public,Urban,No,Yes,Medium,High,419,17,Female,Medium,Tertiary,1
137,8,81,5,4.1,Public,Urban,Yes,Yes,Low,Low,420,15,Male,Low,Primary,1
110,0,83,1,9.8,Private,Rural,Yes,Yes,Medium,Medium,421,21,Female,Low,Secondary,1
176,32,72,2,10.8,Public,Rural,Yes,Yes,Medium,Medium,422,16,Male,High,Tertiary,1
132,10,80,1,4.4,Private,Urban,Yes,No,Low,Low,423,18,Male,High,Tertiary,1
109,25,73,2,8.2,Private,Urban,Yes,No,Medium,Low,424,17,Male,Medium,Tertiary,4
109,24,70,2,14.4,Public,Urban,Yes,Yes,Medium,High,425,21,Male,Medium,Tertiary,3
112,3,83,2,5.6,Public,Rural,No,Yes,Low,Medium,426,20,Female,High,Primary,1
183,10,92,2,11.0,Public,Rural,Yes,No,High,Low,427,15,Female,Low,Tertiary,1
236,40,96,3,11.0,Public,Urban,Yes,No,Low,High,428,15,Female,High,Secondary,5
308,40,98,3,4.0,Public,Urban,No,Yes,High,Low,429,16,Female,Medium,Tertiary,1
123,15,76,2,11.0,Public,Rural,No,Yes,High,Low,430,21,Male,Low,Secondary,2
134,19,89,3,8.4,Public,Urban,No,Yes,Medium,Medium,431,20,Male,Low,Secondary,1
148,12,86,3,6.9,Public,Urban,Yes,Yes,Medium,High,432,20,Female,Low,Primary,3
159,22,85,3,14.2,Private,Urban,Yes,No,High,Medium,433,22,Male,Medium,Primary,1
177,13,79,4,8.0,Private,Rural,No,Yes,Low,High,434,22,Male,Medium,Primary,2
174,1,80,3,3.1,Public,Rural,Yes,No,Low,High,435,17,Female,Low,None,1
175,8,85,2,14.9,Public,Urban,No,No,Medium,Low,436,16,Male,Medium,Primary,1
100,14,100,1,8.5,Public,Urban,Yes,No,High,Low,437,19,Male,Low,Tertiary,1
121,5,84,2,14.8,Private,Urban,Yes,No,Medium,Low,438,15,Male,Low,None,1
228,23,82,2,4.2,Private,Urban,Yes,Yes,High,High,439,18,Male,High,Tertiary,2
240,15,81,4,4.1,Public,Urban,Yes,Yes,Low,Medium,440,15,Male,Low,Primary,2
159,11,79,3,12.0,Public,Rural,No,No,High,Low,441,16,Female,Medium,None,2
220,31,100,3,0.0,Public,Rural,No,Yes,High,Medium,442,18,Female,Medium,Primary,3
218,25,83,2,3.9,Public,Rural,Yes,Yes,Medium,Medium,443,22,Female,Medium,Tertiary,2
125,15,90,4,6.9,Public,Urban,Yes,Yes,High,Medium,444,21,Male,Low,Secondary,1
188,29,82,2,6.5,Public,Rural,No,Yes,Low,High,445,22,Male,Medium,Secondary,3
188,25,88,2,4.8,Private,Rural,No,No,High,Low,446,18,Male,Low,None,2
171,32,92,2,15.1,Public,Urban,No,Yes,High,Medium,447,15,Female,Medium,Primary,4
113,10,75,4,9.6,Private,Rural,No,No,Low,Low,448,22,Female,Low,Primary,1
137,13,76,2,8.4,Public,Rural,No,No,Medium,Medium,449,18,Male,Low,Secondary,1
162,7,99,2,12.2,Public,Urban,Yes,No,Medium,Medium,450,21,Male,Low,Tertiary,1
124,12,90,2,8.1,Public,Urban,Yes,No,Low,Medium,451,17,Female,Medium,Primary,1
165,28,91,2,3.8,Private,Urban,No,Yes,Low,Low,452,22,Male,Medium,Secondary,3
150,29,90,2,12.4,Public,Urban,Yes,Yes,Low,Medium,453,15,Female,High,Secondary,3
169,28,88,3,10.3,Private,Rural,Yes,Yes,Medium,High,454,16,Female,Low,None,4
106,0,99,3,14.9,Public,Urban,No,Yes,Low,Medium,455,19,Female,Low,None,1
141,27,83,3,19.5,Public,Urban,No,Yes,High,High,456,16,Female,Medium,Primary,2
214,6,92,2,5.6,Private,Rural,Yes,No,Medium,Low,457,17,Female,High,Tertiary,2
132,24,68,2,10.6,Private,Urban,Yes,Yes,Medium,Low,458,22,Male,Low,None,1
126,12,73,2,10.3,Public,Rural,Yes,Yes,Low,Medium,459,19,Male,Low,Primary,1
137,23,71,2,15.4,Public,Rural,Yes,Yes,Medium,Medium,460,19,Female,Low,Primary,2
126,4,93,3,11.5,Public,Urban,Yes,Yes,High,Low,461,20,Female,Low,Primary,1
167,30,60,2,4.5,Private,Rural,Yes,Yes,Low,Medium,462,16,Male,Low,Primary,1
109,1,76,2,10.7,Public,Rural,No,Yes,Low,Medium,463,22,Female,Low,Primary,1
173,13,56,4,9.8,Private,Rural,No,No,Medium,Medium,464,22,Female,Medium,None,1
137,7,74,3,9.3,Private,Rural,No,Yes,Low,Low,465,21,Female,Low,Secondary,1
146,1,78,3,16.6,Public,Urban,Yes,No,Low,High,466,22,Female,High,Tertiary,1
187,22,98,4,6.7,Public,Urban,Yes,Yes,Low,Medium,467,15,Female,Medium,None,1
114,31,84,3,17.1,Public,Urban,Yes,Yes,Low,Medium,468,15,Female,Medium,Secondary,3
104,38,72,1,15.5,Public,Rural,No,Yes,Medium,High,469,19,Female,Medium,Primary,4
167,20,94,3,15.4,Public,Urban,No,Yes,High,Low,470,16,Male,Low,Primary,1
101,24,80,1,11.7,Private,Rural,No,Yes,Medium,Medium,471,22,Male,Low,None,3
285,31,92,4,10.6,Public,Rural,No,No,Low,High,472,22,Female,High,Secondary,1
142,21,71,1,10.3,Private,Rural,No,No,Low,Low,473,16,Male,Medium,Secondary,2
119,12,71,2,15.2,Public,Rural,No,No,High,Medium,474,15,Female,Medium,Primary,1
209,24,79,2,4.5,Private,Urban,No,Yes,High,High,475,20,Female,Low,Primary,1
105,19,80,1,6.5,Private,Urban,Yes,Yes,Low,Low,476,17,Female,Low,Secondary,1
146,12,83,2,11.2,Private,Urban,No,Yes,High,Low,477,15,Female,Low,Tertiary,4
111,14,95,3,13.1,Public,Urban,No,Yes,High,Low,478,15,Female,Low,None,1
161,18,87,2,13.1,Private,Rural,No,Yes,Low,Medium,479,17,Female,Medium,Secondary,3
232,32,62,3,10.9,Public,Urban,Yes,Yes,Medium,Low,480,15,Male,Low,Primary,1
292,20,94,2,15.9,Public,Urban,Yes,Yes,Medium,Low,481,19,Female,Medium,Secondary,2
199,21,72,2,14.6,Public,Urban,Yes,Yes,Low,High,482,22,Male,Low,Primary,3
104,31,71,2,6.3,Public,Rural,Yes,No,Low,Medium,483,19,Female,Medium,Tertiary,3
171,30,76,2,8.5,Public,Urban,Yes,No,Low,Low,484,19,Male,High,Tertiary,2
191,33,79,1,1.4,Public,Urban,No,No,High,High,485,20,Male,Medium,Secondary,2
108,14,67,3,12.2,Private,Rural,No,Yes,Medium,Medium,486,21,Male,High,Primary,2
128,19,83,3,12.3,Public,Urban,Yes,Yes,Low,Low,487,19,Female,Medium,Secondary,1
240,34,75,3,11.4,Private,Rural,Yes,Yes,Medium,High,488,20,Female,High,Tertiary,3
122,29,84,2,12.2,Public,Rural,Yes,Yes,Low,Medium,489,19,Male,Low,Tertiary,4
236,7,100,3,12.7,Public,Urban,Yes,Yes,Medium,Medium,490,16,Male,Medium,Secondary,2
135,4,69,2,9.0,Public,Rural,No,Yes,Medium,Low,491,16,Female,Medium,Tertiary,1
200,34,83,3,9.6,Public,Urban,No,Yes,Medium,Low,492,17,Female,Low,Primary,3
154,15,59,1,12.8,Public,Rural,No,Yes,Low,Low,493,20,Male,Medium,Primary,2
214,17,84,2,3.2,Public,Rural,No,Yes,Low,Low,494,18,Male,Low,Tertiary,2
172,8,90,2,0.3,Public,Urban,No,No,Medium,Medium,495,19,Male,Medium,Secondary,1
173,14,91,3,4.0,Public,Rural,No,No,Medium,Medium,496,18,Female,Medium,Primary,1
125,3,82,2,7.7,Public,Urban,Yes,Yes,Medium,Low,497,22,Male,Low,Primary,1
162,38,92,3,6.2,Public,Urban,No,No,Medium,High,498,21,Male,Medium,Secondary,4
189,21,100,3,0.3,Public,Urban,No,Yes,High,Medium,499,18,Male,Medium,Primary,1
101,13,96,1,6.9,Public,Urban,No,Yes,Medium,Low,500,21,Male,Low,Primary,1
190,26,80,4,12.8,Private,Urban,No,Yes,High,High,501,19,Male,Medium,Tertiary,3
116,23,67,3,8.6,Public,Urban,No,Yes,Low,High,502,15,Male,High,Secondary,1
158,27,79,1,7.0,Private,Urban,No,Yes,High,Low,503,17,Female,Medium,Secondary,2
150,27,74,3,15.3,Private,Urban,Yes,No,Low,Medium,504,20,Female,Medium,Primary,3
224,18,92,2,10.9,Public,Urban,Yes,Yes,Medium,High,505,21,Female,High,Secondary,1
169,16,73,3,4.4,Public,Rural,No,Yes,Medium,Low,506,21,Male,Low,Secondary,1
282,36,90,4,18.1,Public,Urban,Yes,No,Medium,Low,507,18,Female,Medium,Tertiary,2
162,14,91,4,16.5,Public,Urban,No,No,High,Low,508,15,Male,Low,None,1
225,24,87,4,10.3,Public,Urban,No,Yes,Low,Low,509,15,Male,Medium,Primary,3
270,31,81,3,7.1,Private,Rural,No,Yes,High,High,510,19,Female,High,Secondary,5
180,27,96,2,16.9,Public,Urban,No,No,High,High,511,17,Female,High,Secondary,3
148,1,65,2,10.9,Private,Urban,Yes,Yes,Low,Low,512,21,Female,Medium,Primary,1
185,27,82,4,4.0,Private,Rural,Yes,Yes,High,High,513,19,Female,Low,Secondary,1
239,23,88,3,8.9,Private,Urban,No,Yes,Medium,Low,514,17,Male,High,Tertiary,1
100,20,80,1,6.0,Public,Urban,Yes,Yes,High,Low,515,19,Male,High,Secondary,2
193,28,87,1,12.8,Public,Urban,No,Yes,Medium,Low,516,22,Female,Low,Primary,1
155,33,89,3,14.3,Private,Rural,No,Yes,Medium,Low,517,22,Male,High,Tertiary,5
131,28,81,2,6.1,Private,Urban,No,Yes,Low,Low,518,17,Male,Low,None,2
148,30,79,2,8.4,Public,Rural,Yes,Yes,Medium,Medium,519,16,Male,Low,None,4
279,40,87,4,14.9,Private,Urban,No,Yes,Low,Medium,520,15,Female,High,Tertiary,4
118,18,75,2,14.7,Public,Rural,Yes,Yes,Medium,Medium,521,22,Female,Low,Primary,2
213,23,94,3,1.6,Public,Urban,Yes,Yes,Low,Low,522,20,Male,Low,Primary,2
165,27,78,2,14.8,Public,Rural,Yes,Yes,Low,Medium,523,22,Male,High,Tertiary,4
193,28,94,2,5.0,Private,Urban,No,No,Low,High,524,15,Male,Low,Secondary,2
162,16,84,3,12.6,Public,Urban,No,Yes,High,Low,525,15,Female,Medium,Tertiary,1
207,26,81,4,9.6,Private,Urban,No,Yes,Medium,Medium,526,22,Male,High,Tertiary,2
102,13,86,1,9.3,Public,Rural,Yes,Yes,Medium,Medium,527,17,Male,High,None,1
173,12,77,3,20.0,Public,Rural,Yes,Yes,High,Low,528,15,Male,Low,None,1
133,28,88,2,17.9,Private,Rural,Yes,No,Medium,Low,529,16,Male,Medium,Secondary,2
186,21,87,3,9.4,Public,Rural,Yes,Yes,Low,Medium,530,16,Female,Low,None,1
131,35,76,3,14.2,Public,Rural,Yes,No,Medium,Low,531,21,Male,Low,Primary,1
192,6,90,3,4.7,Public,Urban,No,Yes,High,Low,532,18,Female,High,Tertiary,1
156,13,88,3,18.4,Private,Urban,Yes,No,Low,Medium,533,15,Female,Low,None,1
223,24,98,3,6.6,Public,Rural,Yes,No,Medium,High,534,19,Female,Low,Secondary,2
207,33,96,2,16.7,Public,Urban,No,No,Medium,Medium,535,21,Female,Medium,Secondary,5
246,29,93,3,11.0,Public,Urban,No,Yes,Medium,High,536,19,Female,Low,None,3
150,20,72,2,15.7,Public,Rural,Yes,Yes,High,High,537,19,Female,High,Tertiary,2
107,4,100,2,1.0,Public,Urban,No,No,Low,Low,538,20,Male,Medium,Secondary,1
231,14,75,3,16.2,Private,Rural,Yes,Yes,Low,Medium,539,16,Female,Medium,Secondary,1
131,19,91,3,11.1,Public,Rural,No,Yes,High,Low,540,18,Male,Low,Secondary,2
115,2,85,2,19.5,Public,Rural,No,No,Medium,Medium,541,20,Male,High,Tertiary,1
136,12,71,3,2.2,Private,Rural,Yes,No,Low,Low,542,18,Male,High,None,3
213,27,86,3,7.5,Public,Urban,Yes,No,Low,Medium,543,16,Male,High,Tertiary,3
147,8,82,1,9.6,Public,Rural,No,Yes,High,Medium,544,18,Male,Medium,Secondary,1
209,37,99,3,2.1,Private,Urban,Yes,Yes,Low,High,545,19,Female,High,Tertiary,3
222,35,81,3,8.7,Public,Urban,Yes,Yes,Medium,Medium,546,19,Female,Medium,Primary,1
118,1,78,2,9.5,Public,Urban,Yes,Yes,Low,Medium,547,16,Male,Medium,Secondary,1
159,10,61,2,9.5,Public,Urban,Yes,Yes,High,High,548,19,Male,Medium,Primary,1
100,0,96,1,7.9,Public,Urban,Yes,No,Medium,High,549,22,Female,Medium,Primary,1
119,8,71,3,13.1,Public,Rural,Yes,Yes,Medium,Medium,550,17,Male,Medium,Primary,1
101,20,83,2,11.9,Private,Urban,Yes,No,Medium,High,551,21,Male,Low,None,1
111,11,79,2,6.5,Public,Rural,No,Yes,High,High,552,19,Female,Low,Tertiary,1
136,21,81,2,9.0,Private,Rural,No,Yes,High,Medium,553,15,Male,High,Primary,2
193,7,93,3,10.4,Public,Urban,Yes,Yes,High,High,554,16,Female,Medium,Primary,1
152,25,99,2,17.4,Private,Urban,No,Yes,High,High,555,16,Female,High,Tertiary,2
185,15,87,2,2.2,Private,Rural,Yes,Yes,Medium,Medium,556,18,Female,Medium,Primary,1
180,20,91,3,13.3,Private,Urban,No,No,Medium,Medium,557,18,Male,Low,Tertiary,3
158,17,86,2,5.1,Public,Rural,Yes,No,High,Low,558,21,Female,Low,Primary,2
195,10,95,3,8.9,Public,Rural,Yes,Yes,High,Low,559,18,Female,High,Tertiary,1
180,10,80,3,16.5,Public,Urban,Yes,Yes,High,Medium,560,15,Female,Low,Primary,1
239,34,99,2,2.9,Private,Urban,Yes,Yes,Low,Medium,561,19,Male,Low,None,2
124,19,92,1,9.2,Private,Rural,No,Yes,Medium,Medium,562,16,Male,Low,None,2
221,33,97,5,2.7,Public,Urban,Yes,Yes,Medium,High,563,19,Female,Medium,Primary,1
103,17,74,2,11.7,Private,Urban,Yes,Yes,Medium,Medium,564,18,Male,Low,Secondary,1
228,25,86,3,5.8,Private,Urban,Yes,No,Low,Low,565,22,Male,Low,None,1
222,8,90,5,18.5,Public,Rural,No,Yes,High,Medium,566,16,Female,High,Tertiary,1
169,17,71,3,12.6,Public,Urban,Yes,Yes,Low,Low,567,18,Female,High,Secondary,2
184,20,100,2,16.4,Private,Urban,No,Yes,Medium,Medium,568,20,Female,High,Tertiary,1
140,34,82,2,12.3,Public,Urban,Yes,Yes,Medium,Medium,569,15,Female,High,Tertiary,3
216,29,90,2,7.1,Private,Urban,Yes,Yes,Medium,Medium,570,16,Female,Low,Primary,1
175,34,79,3,13.1,Private,Urban,Yes,Yes,Medium,Low,571,18,Female,Low,None,3
241,31,76,3,4.8,Public,Rural,No,Yes,High,Low,572,18,Male,Low,Primary,4
226,17,82,2,13.8,Public,Urban,No,Yes,Medium,Low,573,21,Female,Medium,Primary,1
105,15,82,1,6.2,Public,Rural,No,Yes,Medium,Medium,574,20,Female,Medium,Tertiary,2
197,24,92,1,3.0,Private,Rural,Yes,Yes,Low,Medium,575,18,Male,Medium,Secondary,3
152,9,84,3,5.0,Public,Rural,Yes,No,High,Medium,576,21,Male,Low,Primary,1
244,22,92,3,11.0,Public,Urban,Yes,Yes,Medium,Medium,577,15,Male,High,None,1
184,19,82,3,20.0,Private,Rural,No,No,Medium,High,578,19,Female,Medium,Tertiary,2
145,32,87,2,7.3,Public,Rural,No,Yes,Medium,High,579,19,Female,Low,None,4
292,11,100,2,9.4,Private,Rural,Yes,Yes,Medium,Medium,580,19,Female,Medium,Primary,2
235,36,95,4,14.3,Public,Rural,Yes,No,Low,High,581,15,Male,Low,Tertiary,2
128,7,89,2,13.3,Public,Urban,No,Yes,High,Low,582,20,Female,Low,None,1
139,4,85,3,3.0,Public,Urban,Yes,No,Medium,Medium,583,19,Male,Medium,Secondary,1
135,27,68,2,16.2,Public,Rural,Yes,No,Medium,Medium,584,22,Male,Medium,Primary,2
138,23,72,2,8.0,Private,Rural,Yes,No,Medium,Medium,585,22,Female,Low,Secondary,1
153,29,87,3,9.1,Public,Urban,Yes,Yes,High,Low,586,19,Male,Medium,Tertiary,3
123,23,81,3,12.4,Public,Urban,Yes,No,Low,High,587,15,Male,Medium,Primary,3
168,38,88,3,6.8,Public,Urban,No,No,Low,Low,588,21,Male,High,Secondary,4
135,21,98,2,2.1,Public,Rural,Yes,No,Low,High,589,16,Female,Medium,Tertiary,2
182,19,92,3,11.4,Public,Urban,Yes,No,Medium,Low,590,22,Male,Low,None,2
180,23,97,4,11.2,Public,Urban,No,No,Low,Low,591,18,Male,Low,Primary,2
197,33,87,3,6.6,Private,Urban,No,Yes,Medium,Medium,592,18,Male,High,Tertiary,3
165,12,76,2,5.4,Public,Rural,No,Yes,Low,High,593,22,Female,Low,Primary,2
208,16,86,4,10.3,Public,Rural,Yes,Yes,High,Medium,594,15,Female,High,Tertiary,2
100,11,72,1,12.3,Public,Urban,No,No,Medium,Low,595,19,Female,Low,Secondary,2
142,0,97,3,20.0,Public,Rural,Yes,Yes,Low,High,596,20,Male,Low,Secondary,2
124,17,89,2,14.5,Public,Rural,Yes,Yes,Low,Medium,597,17,Female,Medium,Tertiary,2
202,5,91,1,15.5,Public,Urban,No,Yes,High,Low,598,19,Female,Low,None,1
243,26,100,4,5.7,Public,Urban,Yes,Yes,High,Medium,599,22,Female,High,Tertiary,1
193,29,66,1,11.0,Public,Urban,Yes,No,High,Medium,600,17,Male,Low,Secondary,1
261,22,95,1,10.5,Public,Urban,No,Yes,Medium,High,601,18,Female,Medium,Primary,1
143,32,70,3,10.4,Public,Urban,No,Yes,High,Medium,602,20,Female,Low,None,3
148,4,83,3,14.7,Public,Urban,No,Yes,Medium,High,603,15,Female,Low,Tertiary,1
209,33,84,2,1.7,Public,Urban,No,Yes,Low,High,604,20,Male,Low,Primary,3
146,23,89,2,3.7,Private,Urban,Yes,Yes,Medium,Medium,605,22,Female,Low,Primary,2
215,7,89,1,1.3,Private,Urban,Yes,Yes,Medium,Low,606,19,Female,Low,Primary,1
107,39,93,3,7.2,Private,Rural,Yes,Yes,Low,Medium,607,15,Female,Low,None,5
180,19,79,3,10.1,Public,Urban,Yes,Yes,High,High,608,19,Male,High,Tertiary,3
179,12,91,2,1.7,Public,Rural,No,Yes,Medium,Low,609,19,Female,Low,None,1
124,3,83,2,14.0,Public,Urban,No,No,Low,Medium,610,20,Male,Medium,Primary,1
111,12,65,3,15.1,Private,Rural,Yes,Yes,High,Medium,611,19,Female,High,Tertiary,2
225,23,79,3,12.5,Public,Urban,Yes,Yes,Medium,Medium,612,17,Male,Medium,Primary,1
225,25,86,1,6.8,Public,Rural,No,Yes,Medium,High,613,15,Female,Medium,Tertiary,1
259,24,100,5,13.0,Public,Urban,Yes,Yes,High,Medium,614,18,Male,Medium,Secondary,1
116,20,85,3,11.4,Public,Rural,Yes,Yes,Medium,Medium,615,16,Female,Medium,Secondary,1
220,20,76,2,17.7,Public,Rural,Yes,Yes,Medium,Low,616,17,Female,Medium,Secondary,1
106,0,79,2,8.3,Public,Urban,Yes,Yes,Low,High,617,18,Female,Medium,None,1
256,25,100,3,16.9,Public,Rural,No,No,Medium,Low,618,15,Female,Medium,Tertiary,1
147,0,84,3,15.0,Private,Rural,Yes,No,Medium,High,619,22,Male,High,Secondary,1
222,27,84,1,3.2,Private,Urban,No,Yes,Medium,Low,620,16,Male,High,Tertiary,1
194,12,90,2,3.7,Public,Urban,Yes,Yes,Medium,Low,621,16,Male,Low,Secondary,1
138,18,89,1,8.5,Public,Rural,No,No,Medium,Medium,622,15,Male,Low,None,1
158,30,79,2,8.7,Public,Rural,No,Yes,Medium,Medium,623,17,Female,Medium,None,3
116,6,85,2,13.3,Public,Urban,No,Yes,Medium,Medium,624,20,Male,Low,None,1
123,25,78,2,14.5,Public,Rural,No,Yes,Low,Low,625,20,Male,High,Tertiary,3
244,21,95,2,11.1,Public,Urban,No,No,Low,Medium,626,21,Male,Medium,Secondary,2
236,40,90,2,17.1,Private,Urban,Yes,No,Medium,High,627,19,Male,High,Tertiary,2
189,18,90,3,8.5,Public,Rural,Yes,No,Low,High,628,22,Male,Low,Primary,1
138,9,75,3,10.1,Public,Urban,No,Yes,Low,Low,629,19,Male,Medium,Primary,1
103,20,72,3,15.5,Public,Urban,Yes,No,Low,Medium,630,19,Male,Low,None,1
124,11,90,2,2.5,Public,Urban,Yes,Yes,Low,Medium,631,22,Male,High,Secondary,2
132,8,81,2,7.3,Public,Urban,No,No,Low,Medium,632,18,Female,High,Tertiary,1
141,13,85,2,6.8,Public,Urban,Yes,Yes,Low,Low,633,15,Female,Medium,Secondary,1
165,18,81,3,12.6,Public,Urban,Yes,Yes,Low,Medium,634,17,Female,Low,Secondary,1
291,40,100,1,8.7,Private,Urban,Yes,Yes,Medium,High,635,22,Female,Medium,Primary,4
112,0,75,2,7.4,Public,Rural,Yes,No,Low,Low,636,20,Male,Low,Primary,1
131,16,80,3,9.7,Public,Rural,No,Yes,Low,Low,637,15,Female,Medium,None,1
138,22,89,2,2.2,Public,Urban,No,No,Medium,Low,638,20,Male,Medium,None,1
278,30,100,3,9.9,Public,Urban,Yes,No,Medium,High,639,16,Female,Medium,Secondary,1
192,33,80,1,12.4,Public,Rural,No,Yes,Medium,High,640,18,Male,Low,Primary,2
293,29,100,3,5.5,Private,Urban,Yes,No,Low,Low,641,17,Female,Medium,Tertiary,1
155,16,86,4,16.7,Public,Urban,No,Yes,Low,Medium,642,16,Male,Low,None,2
209,28,77,3,4.9,Public,Rural,No,Yes,Medium,Medium,643,19,Male,Low,Tertiary,3
238,26,92,3,15.9,Private,Rural,No,Yes,Medium,Medium,644,22,Female,High,Tertiary,1
164,15,80,2,6.8,Public,Rural,Yes,No,Low,Medium,645,20,Female,Medium,Tertiary,1
202,27,90,3,13.0,Private,Urban,Yes,Yes,Low,Medium,646,19,Female,Medium,Secondary,2
129,10,81,3,8.0,Public,Urban,No,No,Low,High,647,19,Female,Medium,Primary,1
117,9,81,2,6.0,Public,Rural,Yes,No,Medium,Medium,648,15,Female,Medium,Primary,2
224,19,79,3,8.7,Public,Urban,No,Yes,Low,Low,649,16,Female,Low,Primary,4
245,38,98,5,15.4,Private,Urban,No,Yes,Low,Low,650,17,Female,Low,None,2
264,0,79,4,13.6,Public,Urban,No,Yes,High,High,651,16,Female,Medium,Tertiary,1
187,24,75,5,13.6,Public,Rural,Yes,No,Low,Low,652,21,Male,High,Tertiary,2
236,25,92,2,19.0,Public,Urban,Yes,Yes,Low,High,653,17,Female,Low,Secondary,2
142,2,97,4,4.6,Private,Rural,Yes,No,Low,Medium,654,18,Male,Low,Secondary,1
138,19,79,2,9.8,Public,Rural,No,Yes,Low,Low,655,18,Male,Low,Primary,1
145,21,89,3,16.1,Private,Rural,Yes,No,Low,Medium,656,17,Female,Low,Secondary,1
161,24,94,3,2.7,Public,Rural,Yes,Yes,High,High,657,16,Male,Medium,Secondary,1
124,0,89,2,14.1,Public,Urban,No,Yes,High,Low,658,21,Female,Low,None,1
103,26,77,2,9.5,Public,Urban,No,Yes,Low,Low,659,17,Male,Low,None,2
219,17,77,4,13.7,Public,Urban,Yes,No,Medium,High,660,17,Female,High,Secondary,3
153,24,62,2,20.0,Private,Rural,No,Yes,Medium,Medium,661,19,Female,Medium,Primary,2
173,26,82,4,17.0,Public,Urban,Yes,Yes,Medium,Medium,662,17,Male,Low,Secondary,2
275,20,100,2,11.2,Private,Urban,Yes,Yes,High,Medium,663,19,Male,Medium,Tertiary,1
252,32,79,5,4.6,Public,Rural,Yes,No,Medium,Medium,664,21,Male,Low,Secondary,2
104,10,87,3,9.0,Public,Rural,No,No,Low,Low,665,20,Female,Medium,Tertiary,1
246,7,80,3,8.5,Private,Urban,No,No,Low,Medium,666,22,Male,High,Primary,1
208,33,87,2,19.9,Public,Rural,Yes,No,High,Low,667,22,Male,Medium,None,5
160,11,90,2,3.6,Public,Urban,Yes,No,Low,Medium,668,19,Male,Low,Primary,1
234,17,82,3,8.2,Public,Urban,Yes,No,High,Medium,669,17,Female,Medium,None,1
161,15,85,2,10.7,Public,Rural,No,Yes,Medium,High,670,20,Male,Low,Secondary,3
102,16,76,3,5.0,Private,Urban,No,Yes,Low,High,671,15,Female,Medium,Secondary,2
112,14,87,4,4.3,Private,Rural,Yes,Yes,Low,High,672,16,Female,Medium,Tertiary,1
246,31,91,3,3.3,Private,Rural,Yes,Yes,Medium,Medium,673,17,Female,Low,None,3
253,14,90,2,10.4,Private,Rural,Yes,Yes,Medium,Medium,674,18,Female,Medium,Secondary,1
197,15,100,2,14.9,Public,Urban,Yes,Yes,Medium,Medium,675,17,Male,Medium,Secondary,2
155,17,89,2,5.1,Public,Rural,Yes,Yes,Medium,Medium,676,21,Female,Low,None,4
227,40,81,2,16.4,Private,Urban,Yes,Yes,Medium,High,677,17,Male,High,Secondary,3
166,18,83,1,0.1,Public,Rural,No,Yes,Low,Low,678,18,Male,Low,Primary,1
175,29,84,4,9.8,Public,Rural,Yes,Yes,Medium,High,679,22,Male,Medium,Secondary,2
264,27,91,3,14.4,Private,Rural,Yes,No,High,Low,680,19,Male,Medium,Secondary,2
104,9,100,1,17.0,Public,Urban,Yes,Yes,High,Medium,681,19,Male,Medium,Secondary,1
197,19,89,3,16.3,Public,Urban,No,No,Medium,Medium,682,15,Female,Medium,Secondary,2
178,18,65,1,9.2,Private,Urban,No,Yes,Low,Medium,683,22,Male,Low,None,1
254,32,84,2,9.2,Public,Rural,Yes,Yes,Low,Medium,684,22,Male,Low,Tertiary,1
217,36,69,2,15.8,Private,Rural,Yes,Yes,Medium,Low,685,17,Female,Low,None,2
247,29,86,5,11.0,Public,Urban,Yes,Yes,High,High,686,17,Female,High,Secondary,2
168,30,65,2,17.0,Public,Rural,Yes,Yes,Medium,High,687,16,Male,High,None,2
139,8,74,1,7.4,Public,Rural,Yes,Yes,Medium,Medium,688,20,Male,Medium,Tertiary,1
161,15,69,4,10.4,Public,Rural,No,Yes,High,Low,689,19,Male,High,Primary,2
157,12,87,2,12.1,Public,Urban,No,Yes,Low,Low,690,17,Male,Medium,Primary,1
139,20,82,1,17.0,Public,Urban,Yes,Yes,High,Low,691,21,Male,Medium,Secondary,1
190,18,88,2,11.3,Public,Rural,Yes,Yes,Low,Medium,692,16,Male,High,Tertiary,1
132,23,81,3,12.6,Public,Urban,Yes,Yes,Low,Medium,693,15,Female,Low,Secondary,3
118,6,68,3,9.0,Public,Urban,Yes,No,Medium,Low,694,21,Male,Low,None,1
191,21,90,4,8.9,Public,Rural,Yes,No,High,Medium,695,16,Male,High,Secondary,1
158,24,100,2,6.1,Public,Rural,No,Yes,Medium,High,696,19,Male,Medium,Primary,3
212,4,91,3,12.1,Public,Urban,Yes,Yes,High,Low,697,19,Female,High,Tertiary,1
188,40,81,2,19.3,Public,Urban,No,Yes,High,Medium,698,15,Male,Medium,Tertiary,4
199,19,72,1,4.6,Public,Rural,No,Yes,Medium,Medium,699,20,Male,Medium,Primary,1
137,0,73,3,15.2,Public,Urban,No,No,Medium,High,700,17,Male,Medium,Secondary,1
204,23,90,3,15.3,Public,Urban,Yes,Yes,Low,High,701,16,Female,Medium,Secondary,3
157,18,93,3,10.4,Public,Urban,Yes,Yes,Low,Medium,702,17,Male,Low,Tertiary,1
130,15,84,3,8.9,Private,Rural,Yes,Yes,Medium,Medium,703,17,Female,Low,Secondary,2
109,23,88,1,13.4,Public,Rural,No,Yes,Medium,High,704,17,Female,Low,Secondary,4
152,25,90,1,13.0,Public,Urban,No,Yes,Low,High,705,22,Female,Medium,Primary,3
130,19,86,2,12.5,Public,Urban,No,Yes,Low,Low,706,18,Female,Low,Primary,2
301,34,86,4,1.4,Private,Urban,No,No,High,Medium,707,22,Female,High,Secondary,4
192,20,87,4,9.8,Private,Urban,No,Yes,Medium,High,708,15,Female,Low,Secondary,1
201,38,78,3,14.6,Public,Urban,No,No,High,Medium,709,17,Female,High,Tertiary,4
145,4,83,2,15.2,Private,Urban,No,Yes,High,Medium,710,15,Male,Medium,Secondary,1
116,16,84,2,11.9,Public,Rural,No,No,Medium,Low,711,20,Male,Low,Primary,1
233,25,100,3,8.1,Public,Urban,Yes,Yes,Low,Medium,712,17,Female,Low,Secondary,3
187,28,73,2,7.4,Public,Urban,Yes,No,Low,Medium,713,22,Male,High,Tertiary,3
169,12,89,2,9.4,Public,Rural,Yes,Yes,Medium,Medium,714,16,Female,Low,None,1
206,6,100,1,13.9,Public,Rural,Yes,Yes,Medium,High,715,22,Male,Low,Secondary,1
195,23,93,3,11.9,Public,Rural,Yes,Yes,Medium,Low,716,16,Male,High,Tertiary,3
127,18,89,4,6.7,Public,Rural,No,No,Medium,Medium,717,21,Male,Low,None,2
193,35,91,3,15.6,Public,Rural,Yes,Yes,Medium,High,718,21,Female,Medium,Primary,4
121,4,93,1,12.9,Public,Urban,Yes,Yes,Low,Medium,719,15,Male,Low,None,1
195,32,75,3,6.7,Public,Urban,No,No,High,Medium,720,22,Male,Medium,Primary,3
167,40,71,2,5.6,Public,Urban,Yes,No,Low,Low,721,22,Male,Medium,Primary,2
116,11,81,2,11.6,Public,Urban,No,No,Low,Medium,722,17,Female,Medium,Tertiary,2
116,3,60,3,12.7,Public,Urban,No,Yes,Low,High,723,15,Male,Medium,Tertiary,3
164,15,95,3,16.9,Public,Rural,Yes,Yes,Low,High,724,15,Male,Medium,Primary,1
217,23,99,5,6.8,Public,Urban,Yes,Yes,High,Medium,725,18,Male,Medium,Primary,2
163,24,79,4,3.4,Public,Rural,Yes,Yes,Medium,Medium,726,17,Male,Medium,Secondary,3
175,14,81,3,0.0,Private,Rural,No,Yes,Medium,Low,727,18,Male,Low,Primary,1
198,36,85,3,7.8,Public,Rural,Yes,Yes,Medium,Medium,728,17,Male,Medium,Primary,5
175,10,85,2,10.2,Public,Urban,No,Yes,Medium,Low,729,22,Male,Medium,Tertiary,2
260,11,91,2,13.8,Public,Rural,Yes,No,Medium,High,730,21,Female,High,Primary,1
178,30,90,4,19.6,Private,Urban,Yes,No,High,Low,731,19,Male,Low,None,1
174,0,83,3,9.1,Public,Urban,Yes,Yes,Medium,Medium,732,19,Male,High,Tertiary,1
125,14,90,2,0.0,Public,Rural,No,Yes,Medium,Low,733,18,Male,Medium,Primary,1
233,40,92,3,2.9,Public,Urban,No,Yes,High,Medium,734,19,Female,Medium,Primary,4
180,20,79,4,4.2,Public,Urban,No,No,Low,Medium,735,18,Male,Low,Secondary,1
240,15,100,4,8.0,Public,Rural,Yes,No,Medium,Medium,736,19,Female,Medium,Secondary,1
228,24,75,1,7.6,Public,Urban,No,Yes,High,Medium,737,18,Male,Medium,Tertiary,3
131,16,81,2,20.0,Public,Urban,Yes,Yes,Medium,Medium,738,19,Female,High,Primary,2
213,24,96,3,5.7,Public,Rural,No,No,Low,Medium,739,21,Female,Low,Tertiary,3
210,29,80,4,12.6,Public,Rural,Yes,No,Low,Low,740,15,Female,Medium,Tertiary,3
216,14,90,4,13.1,Private,Urban,No,No,Medium,High,741,21,Female,High,Tertiary,2
155,33,88,4,11.8,Public,Urban,No,Yes,Low,Low,742,15,Female,High,Tertiary,3
120,17,73,1,12.4,Private,Rural,Yes,No,Low,Medium,743,15,Male,Medium,Secondary,1
158,25,83,2,13.8,Public,Rural,Yes,Yes,Low,Medium,744,17,Female,Medium,Secondary,1
118,9,79,3,10.5,Public,Urban,Yes,Yes,Low,Medium,745,16,Female,High,Secondary,1
202,34,81,2,12.5,Public,Rural,Yes,No,Medium,Medium,746,18,Female,Low,Secondary,4
157,16,100,1,9.7,Public,Urban,Yes,No,High,Low,747,16,Male,High,Tertiary,1
114,17,73,3,18.2,Public,Urban,No,No,Low,High,748,15,Male,High,Tertiary,1
134,8,91,2,11.5,Private,Urban,No,Yes,Medium,Low,749,18,Male,High,Tertiary,1
274,19,87,5,14.5,Public,Rural,Yes,Yes,Medium,Low,750,22,Male,High,Secondary,1
117,21,70,2,13.9,Private,Urban,Yes,No,Medium,Low,751,18,Male,Low,None,1
179,16,86,3,9.2,Public,Rural,Yes,No,Medium,High,752,22,Female,Low,Primary,3
159,11,90,2,18.3,Public,Rural,Yes,Yes,Low,Low,753,17,Female,Low,None,1
216,17,96,4,13.7,Private,Urban,No,Yes,High,Medium,754,16,Male,Medium,Primary,2
207,29,100,3,6.7,Public,Urban,Yes,No,High,Medium,755,20,Male,Medium,Secondary,2
145,11,100,2,17.5,Public,Urban,No,No,Medium,Low,756,21,Female,Medium,Tertiary,1
170,18,86,2,0.9,Public,Urban,Yes,Yes,Low,Medium,757,16,Male,High,Tertiary,1
163,19,77,2,3.9,Public,Rural,No,No,Low,Medium,758,19,Male,Low,Secondary,1
123,0,85,1,13.1,Private,Rural,No,Yes,Low,Medium,759,18,Male,Low,Secondary,1
102,0,77,3,14.8,Public,Rural,No,Yes,Low,Low,760,15,Female,Low,None,1
214,26,96,1,8.5,Public,Rural,No,No,Low,High,761,19,Male,High,Tertiary,2
177,13,72,2,17.4,Private,Urban,Yes,Yes,Low,Low,762,20,Male,Low,Tertiary,1
183,30,100,3,20.0,Private,Urban,No,Yes,Low,Medium,763,21,Male,Low,Primary,2
137,25,90,3,12.7,Public,Urban,Yes,No,Medium,High,764,21,Female,Low,Primary,2
221,30,71,2,10.2,Public,Urban,Yes,Yes,Medium,Low,765,19,Female,Medium,Primary,3
101,30,73,3,10.3,Public,Rural,No,Yes,Low,Low,766,18,Male,Medium,Primary,2
110,14,88,1,13.8,Public,Rural,Yes,No,High,Low,767,19,Male,Medium,Primary,2
180,26,96,3,3.4,Public,Rural,Yes,No,Medium,High,768,18,Male,Medium,Secondary,2
267,22,78,4,16.6,Public,Rural,Yes,Yes,Low,High,769,18,Female,Medium,Tertiary,3
181,40,91,3,15.7,Public,Rural,Yes,Yes,Low,High,770,19,Male,Medium,Tertiary,4
194,39,67,2,7.3,Public,Rural,Yes,Yes,Low,Medium,771,15,Male,Medium,Secondary,3
110,14,79,3,16.6,Public,Urban,No,No,Medium,High,772,20,Male,High,Primary,1
132,20,92,2,16.6,Public,Rural,No,Yes,Low,Low,773,22,Male,High,Secondary,1
140,29,77,3,9.7,Public,Urban,No,Yes,Low,High,774,19,Male,Medium,Secondary,3
271,26,76,5,14.3,Public,Rural,No,Yes,Medium,Medium,775,16,Male,High,Tertiary,1
140,11,84,3,11.0,Public,Rural,Yes,Yes,Medium,Low,776,18,Female,High,Primary,1
245,33,83,4,12.8,Public,Rural,No,Yes,Medium,Medium,777,15,Male,High,Secondary,4
215,24,93,3,13.9,Public,Rural,Yes,Yes,Medium,Low,778,22,Female,Low,Tertiary,1
191,23,77,3,20.0,Public,Urban,Yes,No,Low,Low,779,22,Male,Medium,Secondary,3
173,12,77,3,9.3,Public,Urban,Yes,Yes,Medium,Low,780,21,Male,Low,None,1
196,6,67,1,16.1,Public,Urban,Yes,Yes,Medium,Low,781,20,Male,High,Secondary,1
132,18,83,3,11.3,Public,Urban,No,Yes,Medium,Medium,782,17,Male,Low,Secondary,1
129,24,80,2,13.1,Public,Urban,Yes,Yes,Medium,Low,783,21,Female,High,Tertiary,2
275,26,79,4,10.0,Public,Urban,Yes,Yes,Low,Medium,784,17,Female,Medium,Primary,2
165,32,86,2,10.8,Private,Urban,No,Yes,Low,High,785,19,Male,Medium,Primary,3
189,14,95,2,8.8,Private,Rural,No,Yes,Low,Medium,786,21,Female,High,Primary,1
114,5,78,3,14.4,Private,Urban,No,No,Low,Low,787,17,Male,High,Tertiary,1
243,25,91,2,2.9,Public,Urban,Yes,No,Low,Medium,788,22,Male,Medium,Secondary,1
210,22,89,4,19.0,Private,Urban,No,Yes,Low,High,789,21,Female,Low,Primary,2
205,29,75,2,10.8,Public,Urban,Yes,Yes,Medium,Low,790,22,Female,Medium,Primary,4
172,12,100,3,5.7,Public,Rural,Yes,Yes,Low,Medium,791,16,Female,Low,Primary,1
231,37,83,3,6.9,Public,Urban,No,No,High,High,792,22,Female,Medium,Primary,5
175,37,91,3,15.0,Public,Urban,Yes,Yes,High,Low,793,19,Male,Low,None,4
149,17,90,1,14.4,Public,Urban,No,No,Low,Medium,794,21,Female,Low,Secondary,2
183,32,84,3,15.0,Public,Urban,No,Yes,Medium,Low,795,19,Female,Low,Primary,2
106,4,86,2,7.7,Private,Rural,No,Yes,High,Low,796,20,Female,Medium,Primary,1
179,30,87,2,13.7,Public,Rural,Yes,Yes,Medium,Low,797,15,Male,Medium,Secondary,3
157,28,70,2,8.9,Private,Urban,Yes,Yes,High,Medium,798,18,Female,High,Secondary,2
102,21,77,2,9.4,Public,Rural,No,Yes,Medium,Medium,799,21,Male,Low,Primary,2
291,29,86,2,0.0,Public,Urban,No,No,High,Medium,800,22,Female,Medium,Tertiary,2
181,0,80,4,8.3,Public,Urban,Yes,Yes,Low,Medium,801,19,Female,Low,Primary,1
222,18,75,4,13.6,Public,Rural,Yes,Yes,Low,Low,802,22,Female,Medium,Secondary,2
124,10,92,3,18.0,Public,Rural,No,Yes,Low,Low,803,19,Male,Low,None,1
118,6,96,2,12.0,Public,Urban,Yes,Yes,Medium,Low,804,19,Female,High,Secondary,1
199,23,95,2,10.3,Public,Rural,Yes,Yes,Medium,High,805,15,Male,High,Secondary,1
192,17,97,3,20.0,Public,Rural,No,Yes,Low,Low,806,19,Male,Medium,Primary,1
154,10,80,4,13.9,Public,Urban,No,Yes,Low,Medium,807,20,Male,Low,None,1
293,20,86,3,7.2,Public,Urban,No,Yes,High,High,808,21,Female,Medium,Primary,2
117,8,73,1,13.3,Public,Urban,Yes,No,Low,Low,809,22,Female,Low,Tertiary,1
136,27,88,4,5.4,Public,Urban,No,Yes,Medium,Medium,810,18,Female,Low,None,4
158,12,85,1,18.1,Public,Urban,Yes,No,Medium,Medium,811,18,Male,Low,Secondary,1
173,15,83,2,6.5,Public,Urban,Yes,No,Medium,Low,812,19,Female,Medium,Secondary,1
160,14,96,2,5.5,Public,Urban,Yes,Yes,Low,Low,813,15,Male,Medium,Secondary,1
214,26,91,1,4.7,Public,Urban,No,No,High,Low,814,17,Male,High,Tertiary,1
211,27,79,4,17.6,Private,Urban,Yes,No,Low,Low,815,21,Male,Medium,Secondary,3
220,0,81,4,7.9,Private,Rural,Yes,No,High,High,816,21,Female,High,Tertiary,1
160,28,90,2,13.6,Public,Urban,Yes,Yes,High,Medium,817,22,Male,Low,Secondary,4
136,29,92,3,17.6,Public,Rural,Yes,No,Medium,Medium,818,21,Male,Low,Tertiary,1
119,5,86,4,12.7,Public,Rural,Yes,Yes,Medium,Low,819,19,Male,Low,None,1
149,9,100,2,14.9,Public,Urban,Yes,Yes,Low,High,820,21,Male,High,Secondary,1
195,17,100,2,5.1,Public,Rural,No,Yes,High,Low,821,20,Female,Low,Secondary,2
197,15,90,5,7.1,Private,Rural,No,No,Low,Low,822,19,Male,Medium,Tertiary,2
165,21,76,3,16.0,Private,Rural,Yes,Yes,Medium,Medium,823,16,Male,Low,None,2
135,0,69,2,14.1,Public,Urban,Yes,Yes,Low,High,824,21,Male,Medium,Tertiary,1
141,7,79,4,12.3,Public,Urban,No,Yes,High,Medium,825,20,Male,Low,Secondary,1
157,32,90,3,10.5,Public,Urban,Yes,Yes,High,Medium,826,15,Female,Medium,Secondary,2
111,6,98,2,5.5,Private,Urban,Yes,No,Medium,Medium,827,18,Male,Medium,Primary,2
117,26,85,2,7.1,Private,Urban,No,Yes,Low,Medium,828,15,Female,Low,Primary,1
114,18,92,3,10.4,Public,Urban,Yes,No,Low,Low,829,15,Male,High,Primary,1
225,7,85,1,10.8,Public,Rural,No,Yes,Medium,Medium,830,19,Male,Medium,None,1
193,27,91,2,18.8,Public,Urban,Yes,No,High,Medium,831,16,Male,Low,Secondary,1
243,24,96,4,2.6,Public,Rural,No,Yes,Medium,High,832,19,Male,Low,Primary,2
101,9,61,2,13.1,Public,Rural,Yes,Yes,Medium,Low,833,15,Male,Low,Primary,1
204,24,82,4,1.7,Public,Urban,No,Yes,High,Medium,834,19,Female,High,Secondary,1
240,29,97,4,8.3,Public,Urban,No,Yes,Medium,Medium,835,21,Male,Medium,Secondary,3
246,32,91,3,0.0,Public,Urban,No,Yes,High,Medium,836,20,Male,Medium,Secondary,2
188,31,74,2,6.7,Public,Rural,Yes,No,Medium,Medium,837,21,Male,Low,Primary,3
169,23,61,2,17.4,Public,Rural,No,Yes,Low,Medium,838,15,Male,Low,None,1
188,8,82,5,13.0,Public,Rural,Yes,Yes,Medium,Medium,839,21,Male,Low,Tertiary,1
165,15,83,4,10.9,Public,Urban,No,Yes,High,Low,840,18,Female,Low,Secondary,1
104,40,72,2,15.2,Private,Urban,Yes,No,Medium,Medium,841,19,Female,Low,Primary,5
139,23,83,2,12.3,Public,Urban,Yes,No,Medium,High,842,21,Male,Low,Primary,1
135,38,87,2,17.4,Public,Urban,No,Yes,Medium,Low,843,19,Male,Medium,Primary,5
146,30,89,3,10.3,Public,Urban,No,Yes,High,High,844,18,Female,Medium,Primary,1
209,25,64,2,8.4,Public,Rural,No,Yes,High,Medium,845,19,Male,Low,Primary,2
213,26,74,3,14.7,Public,Urban,Yes,Yes,Medium,Medium,846,15,Female,High,Secondary,2
192,21,83,4,0.0,Public,Urban,Yes,Yes,Medium,High,847,17,Male,High,Tertiary,2
193,5,91,1,9.5,Private,Urban,No,Yes,High,High,848,19,Male,Low,None,1
204,22,91,3,13.8,Public,Rural,Yes,Yes,Medium,Low,849,18,Female,Low,Secondary,2
242,36,93,4,17.6,Private,Urban,No,Yes,Medium,Medium,850,18,Female,Medium,Secondary,4
156,13,80,2,9.9,Public,Rural,No,Yes,Medium,High,851,17,Male,Medium,Tertiary,1
219,27,84,4,10.8,Public,Urban,Yes,Yes,Medium,Medium,852,15,Male,Medium,Secondary,3
136,24,75,2,6.4,Public,Urban,No,Yes,Low,Low,853,16,Female,Medium,None,2
175,11,92,3,10.7,Public,Rural,Yes,Yes,Low,High,854,15,Female,Medium,Secondary,1
143,13,74,2,16.4,Private,Rural,Yes,No,Medium,Low,855,20,Female,Low,Primary,1
178,11,93,2,1.4,Private,Urban,No,Yes,Medium,Medium,856,19,Female,Medium,Secondary,1
160,11,85,2,7.9,Public,Urban,Yes,No,High,Medium,857,18,Female,High,Tertiary,1
263,15,89,4,10.3,Public,Urban,Yes,Yes,Low,Medium,858,18,Male,Medium,Primary,1
236,17,82,4,8.5,Public,Urban,No,Yes,Medium,Low,859,15,Male,Low,None,1
128,29,69,2,8.1,Public,Urban,No,No,High,Low,860,15,Male,Medium,Primary,2
134,8,76,1,17.7,Public,Rural,No,Yes,Medium,Low,861,22,Female,Medium,Primary,1
158,19,80,3,9.4,Public,Urban,Yes,Yes,Low,Medium,862,19,Female,High,Secondary,1
150,13,60,3,12.5,Public,Urban,Yes,Yes,High,Medium,863,15,Male,Medium,Primary,1
291,40,90,3,6.1,Public,Rural,Yes,No,High,High,864,21,Female,High,Primary,4
187,33,94,4,13.6,Public,Rural,Yes,Yes,Medium,Medium,865,17,Female,High,Tertiary,5
197,29,91,1,12.8,Private,Rural,Yes,No,High,Low,866,17,Male,Medium,Primary,1
128,19,77,1,2.0,Public,Rural,No,No,Low,High,867,16,Male,Medium,Primary,1
194,19,86,2,3.5,Public,Urban,Yes,No,Medium,Low,868,18,Male,Low,None,1
242,14,83,4,20.0,Public,Rural,No,No,High,Medium,869,19,Female,Medium,Tertiary,1
143,35,84,1,4.4,Public,Urban,No,Yes,Low,Medium,870,22,Male,Medium,Secondary,3
122,8,96,1,10.9,Public,Urban,Yes,Yes,High,Low,871,19,Female,Low,Secondary,1
294,36,100,4,12.3,Private,Rural,Yes,Yes,Low,Low,872,15,Male,High,Primary,3
249,35,94,3,14.3,Public,Rural,Yes,Yes,Medium,High,873,18,Male,High,Secondary,5
207,17,82,3,14.5,Public,Urban,No,Yes,Medium,Medium,874,16,Female,Low,None,3
100,23,87,3,14.3,Public,Rural,Yes,No,Medium,Medium,875,16,Female,Low,Secondary,1
128,23,65,2,16.2,Public,Rural,Yes,Yes,Low,High,876,16,Male,Medium,Primary,1
104,29,78,2,17.7,Public,Rural,Yes,Yes,Low,High,877,20,Male,Low,None,1
146,13,88,3,15.6,Public,Rural,Yes,No,High,Low,878,21,Female,Medium,Tertiary,1
154,6,90,1,8.5,Public,Rural,No,Yes,High,Low,879,18,Female,Medium,Primary,1
142,12,89,1,10.1,Private,Rural,Yes,Yes,Low,Medium,880,20,Female,Low,None,2
181,22,88,2,7.1,Public,Urban,Yes,No,Medium,Low,881,16,Female,Medium,Secondary,3
107,15,78,3,11.0,Public,Rural,No,No,Medium,Medium,882,20,Female,Medium,Primary,1
175,16,89,3,16.7,Public,Urban,No,Yes,High,Medium,883,20,Male,Medium,None,1
224,6,78,4,6.9,Public,Rural,No,Yes,Medium,Medium,884,17,Female,Low,Tertiary,1
132,20,74,1,15.6,Public,Rural,Yes,No,Medium,Medium,885,15,Male,Low,None,1
130,34,82,3,7.2,Public,Urban,No,Yes,High,High,886,16,Female,Medium,Primary,4
152,22,85,3,16.2,Public,Rural,No,Yes,Medium,Low,887,17,Female,Low,None,2
189,26,68,1,13.3,Public,Rural,No,Yes,Low,Medium,888,21,Female,High,Secondary,1
165,24,88,3,11.9,Public,Urban,No,Yes,Medium,Low,889,17,Male,Medium,Secondary,4
169,23,91,2,6.6,Private,Rural,No,Yes,High,Low,890,19,Male,Medium,Tertiary,3
132,25,81,5,9.5,Private,Rural,No,No,Medium,Low,891,22,Female,Medium,Secondary,1
147,21,100,1,10.2,Public,Rural,Yes,Yes,High,Medium,892,20,Male,Low,Primary,1
176,17,78,4,0.3,Public,Rural,No,No,High,High,893,15,Female,Medium,Secondary,2
174,12,81,2,19.4,Private,Rural,Yes,No,Low,Medium,894,21,Female,Low,Secondary,3
103,11,76,1,16.1,Public,Urban,Yes,No,Low,Low,895,19,Female,Low,Primary,1
169,22,83,2,15.6,Public,Urban,Yes,Yes,Medium,Medium,896,22,Female,Low,Primary,2
112,12,77,2,19.7,Public,Urban,No,Yes,Low,Low,897,21,Male,Medium,Tertiary,1
182,23,71,4,13.6,Private,Urban,Yes,Yes,Medium,Medium,898,22,Male,High,Tertiary,2
100,17,74,4,7.3,Public,Urban,No,Yes,Low,High,899,18,Female,Low,Secondary,1
206,30,85,4,12.7,Public,Urban,No,No,High,Medium,900,17,Female,Medium,Secondary,2
264,39,100,2,10.7,Public,Urban,Yes,Yes,High,Low,901,20,Male,High,Secondary,4
170,20,100,4,18.8,Private,Urban,No,No,Low,Low,902,22,Female,Medium,Tertiary,2
118,3,93,3,14.7,Public,Rural,No,Yes,Medium,Low,903,21,Female,Medium,Secondary,1
188,18,78,2,12.2,Private,Urban,Yes,Yes,Medium,Medium,904,19,Male,Low,None,1
195,22,79,2,6.5,Private,Urban,No,No,High,Low,905,15,Female,Low,Secondary,1
143,0,81,2,18.9,Public,Rural,Yes,Yes,Medium,Low,906,22,Male,Low,Primary,1
260,39,100,3,11.4,Public,Urban,Yes,Yes,Low,Medium,907,17,Female,Low,Secondary,3
177,21,83,2,4.4,Public,Urban,No,No,Low,High,908,22,Female,High,Secondary,2
145,21,70,1,12.6,Private,Rural,No,Yes,Low,Medium,909,16,Male,High,Tertiary,3
184,33,80,3,20.0,Public,Urban,Yes,Yes,High,Medium,910,15,Male,Low,None,3
147,12,90,3,3.7,Public,Urban,Yes,Yes,Medium,Low,911,16,Male,Low,Tertiary,1
127,21,88,2,6.7,Public,Urban,No,No,High,Low,912,18,Female,Low,Primary,3
275,27,89,4,4.5,Public,Rural,Yes,Yes,Medium,Medium,913,16,Female,High,Tertiary,2
204,20,93,2,18.6,Public,Rural,Yes,Yes,Medium,High,914,16,Female,Low,Secondary,1
136,9,60,2,2.7,Public,Rural,Yes,Yes,Medium,Low,915,18,Female,High,Tertiary,1
235,40,89,3,13.3,Public,Rural,No,Yes,High,Low,916,22,Male,High,Primary,4
147,14,91,2,12.9,Private,Urban,Yes,No,Low,Low,917,18,Male,High,None,2
145,24,75,2,13.9,Public,Urban,Yes,No,Low,High,918,16,Male,Medium,None,2
142,0,74,1,5.5,Public,Urban,No,Yes,Low,Medium,919,21,Female,High,Secondary,1
272,38,73,3,9.8,Private,Rural,No,No,High,High,920,17,Male,High,Secondary,4
179,30,100,1,7.5,Public,Rural,Yes,Yes,High,Medium,921,17,Male,High,Secondary,2
114,15,74,1,10.2,Public,Urban,No,No,Low,High,922,20,Female,Medium,None,1
210,21,89,1,10.1,Private,Urban,No,No,Low,Low,923,19,Male,Medium,Secondary,2
167,23,90,1,14.9,Private,Urban,Yes,No,Medium,Low,924,19,Male,High,Secondary,1
185,40,99,2,0.6,Public,Urban,Yes,Yes,Medium,Medium,925,18,Male,High,Tertiary,4
213,7,85,2,17.0,Private,Urban,Yes,Yes,Medium,Medium,926,21,Male,Medium,Primary,1
151,25,78,3,8.1,Public,Rural,No,Yes,High,Medium,927,15,Female,Medium,Primary,2
128,7,83,2,8.6,Public,Urban,No,No,Medium,Medium,928,21,Male,Low,Primary,1
134,16,94,1,4.5,Private,Rural,Yes,No,Low,Medium,929,16,Male,Medium,Primary,1
135,14,80,2,3.3,Public,Urban,Yes,Yes,Low,High,930,22,Female,Low,Primary,1
101,10,71,2,11.5,Public,Rural,Yes,Yes,Low,High,931,18,Female,Low,None,1
203,22,72,2,7.0,Public,Urban,No,Yes,Low,Low,932,22,Male,Low,None,2
193,11,74,3,0.8,Public,Rural,Yes,No,High,Medium,933,18,Male,Medium,Secondary,1
230,34,96,3,9.7,Public,Urban,Yes,Yes,Medium,Medium,934,22,Male,High,Tertiary,2
138,0,79,3,15.8,Public,Rural,No,Yes,Medium,Low,935,18,Female,Low,Primary,1
170,24,78,1,12.0,Public,Rural,No,Yes,Medium,Low,936,22,Female,High,Secondary,4
141,14,75,2,17.0,Public,Urban,Yes,Yes,Low,Medium,937,17,Male,Low,Primary,1
235,14,89,4,7.4,Public,Urban,Yes,No,Medium,High,938,15,Female,High,Tertiary,2
106,16,78,3,5.3,Public,Urban,No,Yes,Medium,Low,939,17,Male,Medium,None,1
143,3,80,3,10.9,Public,Urban,Yes,No,High,High,940,21,Male,Low,None,1
291,30,100,4,17.0,Private,Rural,No,Yes,Low,Low,941,19,Female,High,Tertiary,2
212,10,100,4,4.4,Public,Rural,Yes,Yes,Medium,Medium,942,21,Male,Medium,Secondary,1
120,19,66,4,19.7,Public,Rural,No,Yes,Medium,Low,943,18,Male,Medium,Secondary,3
108,6,83,2,18.6,Public,Urban,No,No,Medium,Low,944,17,Male,Low,None,1
114,11,73,1,11.5,Public,Rural,Yes,Yes,Medium,High,945,18,Male,Low,None,1
141,19,80,2,9.1,Public,Urban,Yes,Yes,High,High,946,15,Male,High,Secondary,1
179,13,88,5,7.8,Public,Urban,Yes,No,Low,Medium,947,21,Female,Low,None,1
190,20,83,1,10.2,Public,Urban,No,Yes,Medium,Medium,948,16,Male,High,Tertiary,2
149,4,85,2,1.3,Public,Urban,Yes,Yes,Medium,Medium,949,17,Female,High,Tertiary,1
199,27,92,1,9.4,Public,Rural,No,Yes,High,Low,950,15,Male,Low,None,2
173,35,87,3,4.7,Public,Urban,No,Yes,Low,Low,951,16,Male,Low,Secondary,3
118,40,75,1,6.6,Public,Urban,No,Yes,Medium,Medium,952,18,Male,Medium,Secondary,5
196,22,80,3,16.4,Private,Urban,No,Yes,Low,Medium,953,20,Male,Low,None,2
168,26,70,1,10.9,Private,Rural,Yes,Yes,High,Low,954,22,Female,Medium,Tertiary,1
234,8,80,3,0.0,Public,Rural,No,Yes,High,High,955,15,Female,Medium,Primary,2
132,30,100,3,13.0,Private,Urban,Yes,Yes,Low,Low,956,22,Female,Low,Primary,3
216,30,79,2,13.0,Public,Rural,Yes,Yes,Medium,Low,957,19,Female,High,Secondary,2
236,20,77,3,8.4,Public,Urban,No,Yes,Medium,High,958,21,Male,Medium,Tertiary,2
191,32,88,2,12.2,Public,Rural,Yes,Yes,Low,Medium,959,20,Female,Medium,Secondary,1
210,20,85,3,13.7,Public,Urban,No,Yes,High,Medium,960,16,Male,Low,None,1
213,19,85,3,12.0,Public,Urban,Yes,Yes,Low,Low,961,16,Female,High,Tertiary,2
156,22,97,3,2.9,Public,Urban,Yes,Yes,Medium,High,962,18,Female,Low,Secondary,3
101,4,85,3,11.5,Private,Rural,Yes,No,Medium,Low,963,19,Male,Low,Secondary,1
206,31,81,2,16.4,Private,Urban,Yes,Yes,High,Low,964,17,Male,High,Secondary,2
166,9,80,2,17.8,Private,Urban,No,No,Low,Low,965,15,Female,Low,None,1
138,7,77,3,0.0,Private,Urban,No,Yes,Medium,Medium,966,20,Female,Low,None,1
174,11,93,1,11.1,Private,Rural,Yes,Yes,Low,High,967,22,Female,High,Secondary,1
159,25,80,1,7.9,Public,Rural,No,Yes,High,Low,968,21,Male,Medium,Tertiary,2
167,13,67,3,14.0,Public,Rural,Yes,Yes,Low,Low,969,21,Female,Medium,Secondary,1
141,5,82,3,8.7,Public,Rural,Yes,No,Medium,Medium,970,18,Male,Medium,Secondary,1
135,11,67,2,2.9,Public,Urban,No,Yes,Medium,High,971,19,Female,Low,Secondary,2
232,24,100,2,12.7,Public,Urban,No,Yes,Low,Low,972,22,Female,Medium,Primary,1
172,9,75,2,7.7,Private,Urban,No,Yes,Low,Medium,973,16,Male,Medium,None,2
169,9,82,2,17.2,Private,Rural,Yes,No,Low,Medium,974,16,Male,Medium,Primary,1
167,38,86,3,0.0,Public,Rural,No,Yes,High,High,975,20,Male,Medium,Secondary,4
159,11,81,1,8.8,Public,Urban,Yes,Yes,Medium,Medium,976,21,Male,Low,Primary,1
204,19,83,2,11.8,Private,Urban,Yes,Yes,High,Low,977,16,Female,Medium,Tertiary,2
231,21,92,2,10.9,Public,Urban,No,Yes,Low,Medium,978,19,Male,Medium,Secondary,4
171,16,99,1,12.6,Public,Urban,Yes,Yes,Low,Low,979,21,Male,High,Primary,1
143,23,90,3,12.7,Private,Urban,Yes,No,High,Medium,980,19,Female,High,Tertiary,2
102,22,94,2,20.0,Public,Urban,No,Yes,Medium,Low,981,17,Male,Medium,Secondary,1
201,19,76,3,10.2,Public,Urban,Yes,No,High,Low,982,15,Female,Medium,Tertiary,1
101,2,83,1,11.5,Private,Urban,No,Yes,High,Low,983,16,Female,Low,None,1
134,28,83,2,7.9,Public,Rural,No,Yes,High,High,984,17,Female,High,Secondary,2
129,15,85,3,13.1,Public,Urban,Yes,Yes,Low,Medium,985,19,Female,Medium,Secondary,1
121,31,94,5,14.5,Public,Urban,No,No,Low,Low,986,17,Male,Medium,Secondary,4
135,0,80,1,10.4,Public,Rural,No,Yes,Low,Low,987,21,Male,High,Tertiary,1
192,23,82,2,18.0,Public,Rural,Yes,Yes,High,Low,988,16,Male,Medium,Tertiary,1
154,35,88,3,9.5,Private,Urban,Yes,Yes,Low,Low,989,21,Male,Medium,Secondary,4
161,15,67,2,19.6,Public,Urban,No,Yes,Medium,Medium,990,22,Female,Medium,Primary,1
154,16,81,3,4.5,Public,Urban,Yes,No,High,Medium,991,15,Female,High,Tertiary,2
116,17,79,1,7.1,Public,Rural,No,Yes,Medium,Medium,992,22,Female,Medium,Tertiary,1
107,9,71,2,15.4,Public,Rural,Yes,No,Low,High,993,17,Male,Low,Primary,1
115,12,91,2,7.2,Private,Rural,Yes,Yes,Low,Low,994,19,Female,Medium,Secondary,2
122,12,71,3,10.0,Public,Urban,Yes,No,Low,High,995,18,Female,Low,Primary,1
104,8,79,1,15.9,Public,Urban,Yes,Yes,Medium,Medium,996,22,Female,High,Tertiary,1
164,30,86,2,20.0,Public,Urban,No,No,Low,Medium,997,20,Female,Medium,Secondary,1
120,19,94,3,9.0,Private,Rural,No,Yes,Low,High,998,18,Male,High,Tertiary,1
221,26,87,2,13.5,Public,Rural,No,No,High,High,999,17,Male,Low,Secondary,2
